time,x,y,heading,speed
0,291.673179801644,-608.936220378556,0.575958653158078,7.22222222222222
0.05,291.976033062291,-608.739545171467,0.575958653158055,7.22222222222222
0.1,292.278886322938,-608.542869964379,0.575958653158094,7.22222222222222
0.15,292.581739583585,-608.34619475729,0.575958653158139,7.22222222222222
0.2,292.884592844232,-608.149519550201,0.575958653158177,7.22222222222222
0.25,293.187446104879,-607.952844343113,0.575958653158166,7.22222222222222
0.3,293.490299365526,-607.756169136024,0.575958653158155,7.22222222222222
0.35,293.793152626173,-607.559493928935,0.575958653158148,7.22222222222222
0.4,294.09600588682,-607.362818721846,0.575958653158148,7.22222222222222
0.45,294.398859147467,-607.166143514757,0.575958653158148,7.22222222222222
0.5,294.701712408114,-606.969468307669,0.575958653158127,7.22222222222222
0.55,295.004565668761,-606.77279310058,0.575958653158093,7.22222222222222
0.6,295.307418929408,-606.576117893491,0.575958653158058,7.22222222222222
0.65,295.610272190055,-606.379442686403,0.57595865315811,7.22222222222222
0.7,295.913125450701,-606.182767479314,0.575958653158178,7.22222222222222
0.75,296.215978711348,-605.986092272225,0.575958653158241,7.22222222222222
0.8,296.518831971995,-605.789417065136,0.575958653158206,7.22222222222222
0.85,296.821685232642,-605.592741858047,0.575958653158172,7.22222222222222
0.9,297.124538493289,-605.396066650959,0.575958653158141,7.22222222222222
0.95,297.427391753936,-605.19939144387,0.575958653158118,7.22222222222222
1,297.730245014583,-605.002716236781,0.575958653158094,7.22222222222222
1.05,298.03309827523,-604.806041029692,0.575958653158095,7.22222222222222
1.1,298.335951535877,-604.609365822604,0.575958653158119,7.22222222222222
1.15,298.638804796524,-604.412690615515,0.575958653158142,7.22222222222222
1.2,298.941658057171,-604.216015408426,0.575958653158156,7.22222222222222
1.25,299.244511317818,-604.019340201337,0.575958653158167,7.22222222222222
1.3,299.547364578465,-603.822664994248,0.575958653158178,7.22222222222222
1.35,299.850217839112,-603.62598978716,0.575958653158157,7.22222222222222
1.4,300.153071099759,-603.429314580071,0.575958653158134,7.22222222222222
1.45,300.455924360406,-603.232639372982,0.575958653158112,7.22222222222222
1.5,300.758777621053,-603.035964165893,0.575958653158088,7.22222222222222
1.55,301.0616308817,-602.839288958805,0.575958653158065,7.22222222222222
1.6,301.364484142347,-602.642613751716,0.575958653158073,7.22222222222222
1.65,301.667337402994,-602.445938544627,0.575958653158118,7.22222222222222
1.7,301.970190663641,-602.249263337538,0.575958653158164,7.22222222222222
1.75,302.273043924288,-602.05258813045,0.575958653158171,7.22222222222222
1.8,302.575897184934,-601.855912923361,0.57595865315816,7.22222222222222
1.85,302.878750445581,-601.659237716272,0.575958653158149,7.22222222222222
1.9,303.181603706228,-601.462562509183,0.575958653158116,7.22222222222222
1.95,303.484456966875,-601.265887302095,0.575958653158082,7.22222222222222
2,303.787310227522,-601.069212095006,0.575958653158054,7.22222222222222
2.05,304.090163488169,-600.872536887917,0.575958653158066,7.22222222222222
2.1,304.393016748816,-600.675861680828,0.575958653158078,7.22222222222222
2.15,304.695870009463,-600.47918647374,0.575958653158098,7.22222222222222
2.2,304.99872327011,-600.282511266651,0.575958653158132,7.22222222222222
2.25,305.301576530757,-600.085836059562,0.575958653158165,7.22222222222222
2.3,305.604429791404,-599.889160852473,0.575958653158179,7.22222222222222
2.35,305.907283052051,-599.692485645385,0.575958653158179,7.22222222222222
2.4,306.210136312698,-599.495810438296,0.575958653158179,7.22222222222222
2.45,306.512989573345,-599.299135231207,0.575958653158141,7.22222222222222
2.5,306.815842833992,-599.102460024118,0.575958653158095,7.22222222222222
2.55,307.118696094639,-598.905784817029,0.575958653158055,7.22222222222222
2.6,307.421549355286,-598.709109609941,0.575958653158089,7.22222222222222
2.65,307.724402615933,-598.512434402852,0.575958653158123,7.22222222222222
2.7,308.02725587658,-598.315759195763,0.575958653158148,7.22222222222222
2.75,308.330109137227,-598.119083988675,0.575958653158148,7.22222222222222
2.8,308.632962397874,-597.922408781586,0.575958653158148,7.22222222222222
2.85,308.935815658521,-597.725733574497,0.575958653158124,7.22222222222222
2.9,309.238668919168,-597.529058367408,0.575958653158078,7.22222222222222
2.95,309.541522179815,-597.332383160319,0.575958653158033,7.22222222222222
3,309.844375440462,-597.135707953231,0.575958653158056,7.22222222222222
3.05,310.147228701109,-596.939032746142,0.575958653158101,7.22222222222222
3.1,310.450081961756,-596.742357539053,0.575958653158147,7.22222222222222
3.15,310.752935222403,-596.545682331964,0.575958653158159,7.22222222222222
3.2,311.055788483049,-596.349007124876,0.57595865315817,7.22222222222222
3.25,311.358641743696,-596.152331917787,0.575958653158174,7.22222222222222
3.3,311.661495004343,-595.955656710698,0.575958653158152,7.22222222222222
3.35,311.96434826499,-595.758981503609,0.575958653158129,7.22222222222222
3.4,312.267201525637,-595.562306296521,0.575958653158127,7.22222222222222
3.45,312.570054786284,-595.365631089432,0.575958653158149,7.22222222222222
3.5,312.872908046931,-595.168955882343,0.575958653158171,7.22222222222222
3.55,313.175761307578,-594.972280675254,0.575958653158148,7.22222222222222
3.6,313.478614568225,-594.775605468166,0.575958653158102,7.22222222222222
3.65,313.781467828872,-594.578930261077,0.575958653158057,7.22222222222222
3.7,314.084321089519,-594.382255053988,0.575958653158125,7.22222222222222
3.75,314.387174350166,-594.185579846899,0.575958653158205,7.22222222222222
3.8,314.685331927025,-593.991954052517,0.575958653158261,7.1102430025671
3.85,314.978200909396,-593.801762711554,0.575958653158162,6.98412448377838
3.9,315.265780434724,-593.615006384158,0.575958653158065,6.85798539543269
3.95,315.548069607984,-593.431685651566,0.575958653157995,6.73182496319608
4,315.825067499806,-593.251801117317,0.575958653158015,6.60564236802984
4.05,316.096773144453,-593.075353408568,0.575958653158036,6.47943674267319
4.1,316.363185537636,-592.902343177513,0.575958653158057,6.35320716777244
4.15,316.624303634152,-592.732771102914,0.575958653158086,6.22695266761294
4.2,316.88012634532,-592.56663789177,0.575958653158115,6.10067220540398
4.25,317.130652536203,-592.403944281115,0.575958653158144,5.97436467805889
4.3,317.375881022585,-592.24469103999,0.575958653158156,5.84802891040417
4.35,317.615810567679,-592.088878971574,0.575958653158164,5.7216636487408
4.4,317.850439878531,-591.93650891552,0.575958653158173,5.59526755366861
4.45,318.079767602092,-591.787581750509,0.575958653158176,5.46883919206988
4.5,318.30379232091,-591.642098397044,0.575958653158168,5.34237702813102
4.55,318.522512548403,-591.500059820525,0.575958653158159,5.21587941325999
4.6,318.735926723651,-591.361467034623,0.575958653158152,5.08934457473203
4.65,318.944033205655,-591.226321105015,0.575958653158148,4.96277060286604
4.7,319.146830266985,-591.094623153509,0.575958653158148,4.83615543649651
4.75,319.344316086733,-590.966374362616,0.575958653158148,4.70949684646148
4.8,319.536488742681,-590.841575980639,0.575958653158148,4.58279241677116
4.85,319.72334620256,-590.720229327348,0.575958653158148,4.45603952305436
4.9,319.904886314278,-590.602335800328,0.575958653158148,4.32923530779501
4.95,320.081106794941,-590.487896882109,0.575958653158148,4.20237665176625
5,320.252005218493,-590.376914148189,0.575958653158148,4.07546014093729
5.05,320.417579001738,-590.269389276115,0.575958653158148,3.94848202796142
5.1,320.577825388477,-590.165324055784,0.57595865315815,3.82143818714158
5.15,320.732741431419,-590.06472040119,0.575958653158156,3.69432406149739
5.2,320.882323971474,-589.967580363868,0.575958653158161,3.56713460020563
5.25,321.026569613926,-589.873906148374,0.575958653158166,3.43986418422775
5.3,321.165474700875,-589.783700130176,0.575958653158172,3.3125065373333
5.35,321.299035279185,-589.696964876469,0.575958653158176,3.18505461892611
5.4,321.427247062974,-589.613703170539,0.575958653158166,3.05750049400013
5.45,321.550105389446,-589.533918040441,0.575958653158142,2.9298351740859
5.5,321.66760516648,-589.457612793036,0.57595865315812,2.80204842102871
5.55,321.779740809983,-589.384791054677,0.575958653158099,2.67412850262142
5.6,321.886506168344,-589.315456820267,0.575958653158079,2.54606188512317
5.65,321.987894430481,-589.249614512974,0.57595865315806,2.41783284194672
5.7,322.083898012742,-589.187269057679,0.575958653158043,2.28942294937162
5.75,322.174508418167,-589.128425972374,0.575958653158026,2.16081042754023
5.8,322.259716059074,-589.073091483371,0.575958653158031,2.03196926573252
5.85,322.339510030096,-589.021272672697,0.575958653158043,1.90286804073442
5.9,322.413877812933,-588.972977669834,0.575958653158054,1.77346828848582
5.95,322.482804884833,-588.928215905965,0.575958653158065,1.64372220832577
6,322.54627418772,-588.886998458735,0.575958653158074,1.51356933969406
6.05,322.603034126064,-588.850138123785,0.575958653158083,1.35356933969406
6.1,322.653084699864,-588.817634901116,0.57595865315809,1.19356933969406
6.15,322.696425909121,-588.789488790726,0.575958653158097,1.03356933969406
6.2,322.733057753834,-588.765699792616,0.575958653158102,0.873569339694058
6.25,322.762980234003,-588.746267906787,0.575958653158107,0.713569339694058
6.3,322.786193349629,-588.731193133238,0.57595865315811,0.553569339694058
6.35,322.802697100711,-588.720475471969,0.575958653158113,0.393569339694058
6.4,322.81947051207,-588.709582691268,0.575958653158115,0.4
6.45,322.836243923429,-588.698689910568,0.575958653158118,0.4
6.5,322.853017334788,-588.687797129868,0.57595865315812,0.4
6.55,322.869790746147,-588.676904349168,0.575958653158123,0.4
6.6,322.886564157506,-588.666011568467,0.575958653158125,0.4
6.65,322.903337568865,-588.655118787767,0.575958653158128,0.4
6.7,322.920110980224,-588.644226007067,0.57595865315813,0.4
6.75,322.936884391583,-588.633333226366,0.575958653158133,0.4
6.8,322.953657802942,-588.622440445666,0.575958653158135,0.4
6.85,322.970431214301,-588.611547664966,0.575958653158138,0.4
6.9,322.987204625659,-588.600654884266,0.57595865315814,0.4
6.95,323.003978037018,-588.589762103565,0.575958653158143,0.4
7,323.020751448377,-588.578869322865,0.575958653158146,0.4
7.05,323.037524859736,-588.567976542165,0.575958653158148,0.4
7.1,323.054298271095,-588.557083761464,0.575958653158148,0.4
7.15,323.071071682454,-588.546190980764,0.575958653158149,0.4
7.2,323.087845093813,-588.535298200064,0.57595865315815,0.4
7.25,323.104618505172,-588.524405419363,0.57595865315815,0.4
7.3,323.121391916531,-588.513512638663,0.575958653158151,0.4
7.35,323.13816532789,-588.502619857963,0.575958653158152,0.4
7.4,323.154938739248,-588.491727077262,0.575958653158152,0.4
7.45,323.171712150607,-588.480834296562,0.575958653158153,0.4
7.5,323.188485561966,-588.469941515862,0.575958653158153,0.4
7.55,323.205258973325,-588.459048735162,0.575958653158154,0.4
7.6,323.222032384684,-588.448155954461,0.575958653158155,0.4
7.65,323.238805796043,-588.437263173761,0.575958653158155,0.4
7.7,323.255579207402,-588.426370393061,0.575958653158156,0.4
7.75,323.272352618761,-588.41547761236,0.575958653158156,0.4
7.8,323.28912603012,-588.40458483166,0.575958653158157,0.4
7.85,323.305899441479,-588.39369205096,0.575958653158158,0.4
7.9,323.322672852837,-588.38279927026,0.575958653158158,0.4
7.95,323.339446264196,-588.371906489559,0.575958653158159,0.4
8,323.356219675555,-588.361013708859,0.57595865315816,0.4
8.05,323.379603386185,-588.352037543342,0.57595865315816,0.49
8.1,323.407282064074,-588.341412694363,0.575958653158161,0.58
8.15,323.439255709222,-588.329139161922,0.575958653158162,0.67
8.2,323.475524321628,-588.315216946019,0.575958653158163,0.76
8.25,323.516087901292,-588.299646046654,0.575958653158165,0.85
8.3,323.560946448216,-588.282426463826,0.575958653158166,0.94
8.35,323.610099962397,-588.263558197536,0.575958653158168,1.03
8.4,323.663548443838,-588.243041247784,0.57595865315817,1.12
8.45,323.721291892537,-588.220875614569,0.575958653158171,1.21
8.5,323.783330308495,-588.197061297892,0.575958653158173,1.3
8.55,323.849663691711,-588.171598297753,0.575958653158176,1.39
8.6,323.920292042186,-588.144486614152,0.575958653158178,1.48
8.65,323.995215359919,-588.115726247089,0.575958653158175,1.57
8.7,324.074433644911,-588.085317196563,0.57595865315817,1.66
8.75,324.157946897162,-588.053259462575,0.575958653158165,1.75
8.8,324.245755116671,-588.019553045125,0.575958653158159,1.84
8.85,324.337858303439,-587.984197944213,0.575958653158153,1.93
8.9,324.434256457466,-587.947194159838,0.575958653158147,2.02
8.95,324.534949578751,-587.908541692001,0.57595865315814,2.11
9,324.639937667295,-587.868240540702,0.575958653158134,2.2
9.05,324.749220723097,-587.826290705941,0.575958653158126,2.29
9.1,324.862798746158,-587.782692187717,0.575958653158119,2.38
9.15,324.980671736478,-587.737444986032,0.575958653158122,2.47
9.2,325.102839694056,-587.690549100884,0.57595865315813,2.56
9.25,325.229302618893,-587.642004532273,0.575958653158138,2.65
9.3,325.360060510988,-587.591811280201,0.575958653158147,2.74
9.35,325.495113370342,-587.539969344666,0.575958653158155,2.83
9.4,325.634461196955,-587.486478725669,0.575958653158164,2.92
9.45,325.778103990826,-587.43133942321,0.575958653158174,3.01
9.5,325.926041751956,-587.374551437289,0.575958653158176,3.1
9.55,326.078274480344,-587.316114767905,0.575958653158171,3.19
9.6,326.234802175991,-587.256029415059,0.575958653158166,3.28
9.65,326.395624838897,-587.194295378751,0.575958653158161,3.37
9.7,326.560742469061,-587.130912658981,0.575958653158156,3.46
9.75,326.730030458684,-587.065689376564,0.57595865315815,3.55
9.8,326.785603415503,-587.087882380034,0.729977275935779,3.64
9.85,326.797569292854,-587.216435371992,1.016507668051,3.73
9.9,326.886916006824,-587.370078134633,1.30995166212075,3.82
9.95,327.059055928919,-587.525717225427,1.61030925814502,3.91
10,327.311926181654,-587.659012687204,1.91758045612382,4
10.05,327.476178029817,-587.643302924304,2.10755138279348,4.09
10.1,327.395908904106,-587.436896534208,2.0947471349261,4.18
10.15,327.313811051017,-587.227236994107,2.08166719751134,4.27
10.2,327.22989061899,-587.014358333047,2.0683115705492,4.36
10.25,327.144152375698,-586.798295187821,2.05468025403967,4.45
10.3,327.065562857054,-586.574058247916,2.04077241456262,4.54
10.35,326.988567072209,-586.344798395989,2.02658856880894,4.63
10.4,326.909999410558,-586.11232668749,2.01212901115076,4.72
10.45,326.829858530598,-585.876679962406,1.99739374158809,4.81
10.5,326.754803325138,-585.634680650113,1.98238269595574,4.9
10.55,326.685270493972,-585.386153474827,1.96709587000185,4.99
10.6,326.614398405296,-585.134444691397,1.9515333297522,5.08
10.65,326.542178657899,-584.879592793911,1.93569507520678,5.17
10.7,326.478032103243,-584.621380214028,1.91978249176593,5.19444444444444
10.75,326.421009752233,-584.361544628683,1.90387036628575,5.19444444444444
10.8,326.3644371112,-584.102816218253,1.88795824080557,5.19444444444444
10.85,326.308287485361,-583.845204959222,1.87204611532539,5.19444444444444
10.9,326.263054456585,-583.585151010727,1.8561333219364,5.19444444444444
10.95,326.22273614507,-583.324690318261,1.84022023995887,5.19444444444444
11,326.18275962216,-583.065373340797,1.82430715798133,5.19444444444444
11.05,326.143097453043,-582.807207753793,1.8083940760038,5.19444444444444
11.1,326.116745478825,-582.546677863849,1.79087738926854,5.19444444444444
11.15,326.093012349048,-582.286810108459,1.77307330569128,5.19444444444444
11.2,326.06953158317,-582.028253623392,1.75526922211401,5.19444444444444
11.25,326.046268111502,-581.771014874047,1.73746513853675,5.19444444444444
11.3,326.040545816035,-581.511262530995,1.72146950403854,5.19444444444444
11.35,326.035001301852,-581.252693702897,1.70547794529029,5.19444444444444
11.4,326.029566850228,-580.995320236998,1.68948638654204,5.19444444444444
11.45,326.026549877542,-580.738822362108,1.67350641803789,5.19444444444444
11.5,326.037089111266,-580.481657058735,1.65759344576086,5.19444444444444
11.55,326.047652675794,-580.225687570372,1.64168047348383,5.19444444444444
11.6,326.058212068072,-579.970914805308,1.6257675012068,5.19444444444444
11.65,326.073454518818,-579.716987534228,1.60985447415255,5.19444444444444
11.7,326.099786376377,-579.463425780641,1.59394131757485,5.19444444444444
11.75,326.126028475857,-579.211059860976,1.57802816099715,5.19444444444444
11.8,326.152152304311,-578.959888264224,1.56211500441944,5.19444444444444
11.85,326.185239993611,-578.709815171922,1.54620228055726,5.19444444444444
11.9,326.226951107869,-578.460815568091,1.53029009213326,5.19444444444444
11.95,326.268458650413,-578.213002057273,1.51437790370925,5.19444444444444
12,326.309734294867,-577.966370714785,1.49846571528525,5.19444444444444
12.05,326.360231627945,-577.721375356147,1.48255121160915,5.19444444444444
12.1,326.416849660483,-577.477862548056,1.46663514297293,5.19444444444444
12.15,326.473151186816,-577.235516812018,1.45071907433671,5.19444444444444
12.2,326.529108241672,-576.994331824976,1.43480300570049,5.19444444444444
12.25,326.596320523739,-576.756764828331,1.41753925068968,5.19444444444444
12.3,326.667017306751,-576.521290427629,1.39981763503112,5.19444444444444
12.35,326.737205207492,-576.287076878651,1.38209601937256,5.19444444444444
12.4,326.806850394979,-576.054112756554,1.364374403714,5.19444444444444
12.45,326.891893411144,-575.82365669006,1.34813185642344,5.19444444444444
12.5,326.978258768677,-575.594470559549,1.33206071581403,5.19444444444444
12.55,327.064072181717,-575.366390564512,1.31598957520461,5.19444444444444
12.6,327.150025008834,-575.139571958575,1.29992569275233,5.19444444444444
12.65,327.250317312559,-574.917297751619,1.28401275195137,5.19444444444444
12.7,327.349986376028,-574.696083979308,1.2680998111504,5.19444444444444
12.75,327.449006340322,-574.475917759618,1.25218687034944,5.19444444444444
12.8,327.550324111196,-574.257707782367,1.23627388444316,5.19444444444444
12.85,327.663165247048,-574.044309866477,1.22036071305691,5.19444444444444
12.9,327.775281262439,-573.831917567267,1.20444754167066,5.19444444444444
12.95,327.886647381547,-573.620515817423,1.18853437028442,5.19444444444444
13,328.002377721083,-573.412034776244,1.17262151726441,5.19444444444444
13.05,328.127050568371,-573.208201015484,1.15670926775718,5.19444444444444
13.1,328.250901092003,-573.005309382444,1.14079701824995,5.19444444444444
13.15,328.373905774904,-572.803342715291,1.12488476874272,5.19444444444444
13.2,328.5032203767,-572.60552355626,1.10896927424476,5.19444444444444
13.25,328.638964438316,-572.411898380073,1.09305047022749,5.19444444444444
13.3,328.773793653673,-572.219143929011,1.07713166621022,5.19444444444444
13.35,328.907685910344,-572.027241027237,1.06121286219295,5.19444444444444
13.4,329.04873182749,-571.842619737902,1.0441844336776,5.19444444444444
13.45,329.193140465317,-571.662411820639,1.02654477512231,5.19444444444444
13.5,329.336391330603,-571.483049518785,1.00890511656702,5.19444444444444
13.55,329.478459813751,-571.304506062509,0.991265458011735,5.19444444444444
13.6,329.632529543576,-571.132219723327,0.974809035461486,5.19444444444444
13.65,329.788912585586,-570.962076790446,0.958658580542988,5.19444444444444
13.7,329.944188454438,-570.792636465512,0.94250812562449,5.19444444444444
13.75,330.098338034265,-570.623875027325,0.926357670705993,5.19444444444444
13.8,330.264083877302,-570.464195249317,0.910431526003179,5.19444444444444
13.85,330.431789480933,-570.302490164456,0.894242908267372,5.28444444444444
13.9,330.600645026876,-570.138244474339,0.877778580263145,5.37444444444444
13.95,330.773048061538,-569.973408350253,0.861038487180208,5.46444444444444
14,330.957295671906,-569.814661842203,0.844022442582589,5.55444444444444
14.05,331.142727736557,-569.65347706171,0.826730682919475,5.64444444444444
14.1,331.329282756664,-569.489824787653,0.809163208190867,5.73444444444444
14.15,331.52548504332,-569.331467687011,0.791320656602991,5.82444444444444
14.2,331.727512716663,-569.174957256446,0.773202748716009,5.91444444444444
14.25,331.930680379431,-569.016058141978,0.754809140934447,6.00444444444444
14.3,332.13876516233,-568.858681199846,0.736136723914827,6.09444444444444
14.35,332.354932587914,-568.710575372105,0.717405800949072,6.11111111111111
14.4,332.56947616096,-568.562745073685,0.698674877983317,6.11111111111111
14.45,332.782565855506,-568.415524513389,0.679902116922075,6.11111111111111
14.5,333.002141425629,-568.285341292808,0.659245390113067,6.11111111111111
14.55,333.219131814712,-568.154311967661,0.638588663304058,6.11111111111111
14.6,333.413201122908,-567.993665692923,0.61793193649505,6.11111111111111
14.65,333.618463052809,-567.842748042884,0.598446041206513,6.11111111111111
14.7,333.827145663707,-567.694593893211,0.579352512084443,6.11111111111111
14.75,334.035309351997,-567.545646579114,0.560258982962373,6.11111111111111
14.8,334.24835880037,-567.403256375549,0.541342865974052,6.11111111111111
14.85,334.466860182197,-567.268170520002,0.522621839766455,6.11111111111111
14.9,334.684906728612,-567.13229508602,0.503900813558858,6.11111111111111
14.95,334.904404905275,-566.998928816486,0.485179709969014,6.11111111111111
15,335.130879891119,-566.877697108193,0.466458303585351,6.11111111111111
15.05,335.35694506428,-566.755651501645,0.447736897201689,6.11111111111111
15.1,335.582615733004,-566.632784467649,0.429015490818027,6.11111111111111
15.15,335.815618654405,-566.524712716871,0.410294992617701,6.11111111111111
15.2,336.048831286089,-566.416966701182,0.391574561919266,6.11111111111111
15.25,336.281696180628,-566.308378496324,0.372854131220832,6.11111111111111
15.3,336.518971649949,-566.210308741606,0.354125075126761,6.11111111111111
15.35,336.758394761754,-566.117289125302,0.335391537689943,6.11111111111111
15.4,336.997517556869,-566.023407916878,0.316658000253125,6.11111111111111
15.45,337.2369832612,-565.936011576969,0.297220026087376,6.11111111111111
15.5,337.477144520075,-565.859345048508,0.276658498642305,6.11111111111111
15.55,337.717005545926,-565.781621138056,0.256096971197235,6.11111111111111
15.6,337.957600788856,-565.704970494086,0.235690352054185,6.11111111111111
15.65,338.205935157229,-565.644160855008,0.216504147975038,6.11111111111111
15.7,338.45406393361,-565.582416501282,0.197317943895892,6.11111111111111
15.75,338.702005088365,-565.519733660655,0.178131739816745,6.11111111111111
15.8,338.954082605964,-565.471717451484,0.159336278413573,6.11111111111111
15.85,339.206835681255,-565.425773075371,0.140615295792124,6.11111111111111
15.9,339.459461048468,-565.378926484054,0.121894313170675,6.11111111111111
15.95,339.713502819134,-565.341681317846,0.103173084039915,6.11111111111111
16,339.968616162543,-565.311546893108,0.0844516667954069,6.11111111111111
16.05,340.223652640715,-565.280504464811,0.0657302495508985,6.11111111111111
16.1,340.479087708371,-565.254045285726,0.0470091035697493,6.11111111111111
16.15,340.735578449261,-565.239836775658,0.0282886075725227,6.11111111111111
16.2,340.992043418097,-565.224717468629,0.00956811157529617,6.11111111111111
16.25,341.248507697833,-565.209093568485,-0.00915271786928649,6.11111111111111
16.3,341.505341869803,-565.210863642508,-0.0278885624188899,6.11111111111111
16.35,341.762201491143,-565.21172141526,-0.0466244069684933,6.11111111111111
16.4,342.01910364912,-565.211667523648,-0.0653602515180967,6.11111111111111
16.45,342.27215272628,-565.224437276231,-0.0853926875673519,6.11111111111111
16.5,342.523981821893,-565.240746609556,-0.105859634156594,6.11111111111111
16.55,342.775925993107,-565.255972948178,-0.126326580745837,6.11111111111111
16.6,343.028456094237,-565.280027303786,-0.146227533173355,6.11111111111111
16.65,343.281624796924,-565.313989598334,-0.165506091627226,6.11111111111111
16.7,343.534952697926,-565.346998803789,-0.184784650081097,6.11111111111111
16.75,343.788088853961,-565.382985624733,-0.203949708457447,6.11111111111111
16.8,344.03996879951,-565.43342659867,-0.22267064530748,6.11111111111111
16.85,344.292049970995,-565.482978864765,-0.241391582157512,6.11111111111111
16.9,344.544348969628,-565.531646345666,-0.260112519007544,6.11111111111111
16.95,344.792895910273,-565.596393704204,-0.278833911090633,6.11111111111111
17,345.041397363698,-565.66152561328,-0.297555337009503,6.11111111111111
17.05,345.290165981503,-565.725786314308,-0.316276762928374,6.11111111111111
17.1,345.535672784728,-565.800978010579,-0.334997618409571,6.11111111111111
17.15,345.779637216578,-565.881438358485,-0.353718177518656,6.11111111111111
17.2,346.023917266138,-565.961043947971,-0.372438736627741,6.11111111111111
17.25,346.266017096202,-566.046561586057,-0.391165955523978,6.11111111111111
17.3,346.504458562951,-566.142018976599,-0.409903796560411,6.11111111111111
17.35,346.743263819952,-566.236639137776,-0.428641637596844,6.11111111111111
17.4,346.981166617605,-566.332153135838,-0.447563652021271,6.11111111111111
17.45,347.209406170423,-566.440344136957,-0.467936640823112,6.11111111111111
17.5,347.438132453519,-566.547572026816,-0.488309629624953,6.11111111111111
17.55,347.667364985984,-566.653846920744,-0.508682618426793,6.11111111111111
17.6,347.891134859183,-566.775469149429,-0.528213686436597,6.11111111111111
17.65,348.114259103154,-566.899346568493,-0.547584277388851,6.11111111111111
17.7,348.33789123935,-567.022391085611,-0.566954868341105,6.11111111111111
17.75,348.557163835447,-567.154543644115,-0.585956961572694,6.11111111111111
17.8,348.773221288663,-567.293503741003,-0.604677850466295,6.11111111111111
17.85,348.98979675628,-567.431714207263,-0.623398739359896,6.11111111111111
17.9,349.203764704954,-567.573714692493,-0.642119788292233,6.11111111111111
17.95,349.410755776154,-567.725839503921,-0.660841220699159,6.11111111111111
18,349.618306157103,-567.877244903072,-0.679562653106084,6.11111111111111
18.05,349.826185199556,-568.028267323956,-0.698280254390552,6.11111111111111
18.1,350.023656313262,-568.193270840028,-0.71682534056878,6.11111111111111
18.15,350.221714889848,-568.357600247877,-0.735370426747008,6.11111111111111
18.2,350.420373328974,-568.521266557344,-0.753915512925236,6.11111111111111
18.25,351.278326856003,-569.166051426856,-0.456719709500944,6.11111111111111
18.3,352.476349095018,-569.59443485076,-0.0642650319311469,5.95111111111111
18.35,353.639697321202,-569.63509362148,0.317638212933251,5.79111111111111
18.4,354.419175921302,-569.398913740783,0.580603988940138,5.63111111111111
18.45,354.709214834948,-569.164683121147,0.637390334716489,5.47111111111111
18.5,354.982304335298,-568.932804520217,0.69251599125811,5.31111111111111
18.55,355.238892553452,-568.704208443849,0.745980958565009,5.15111111111111
18.6,355.430492154953,-568.493556369906,0.767944870877543,5
18.65,355.584277416145,-568.292916534779,0.767944870877533,5
18.7,355.738062677338,-568.092276699652,0.767944870877523,5
18.75,355.89184793853,-567.891636864524,0.767944870877513,5
18.8,356.045633199722,-567.690997029397,0.767944870877503,5
18.85,356.199418460915,-567.490357194269,0.767944870877492,5
18.9,356.353203722107,-567.289717359142,0.767944870877481,5
18.95,356.5069889833,-567.089077524014,0.767944870877471,5
19,356.660774244492,-566.888437688887,0.767944870877478,5
19.05,356.814559505685,-566.68779785376,0.767944870877499,5
19.1,356.968344766877,-566.487158018632,0.767944870877519,5
19.15,357.12213002807,-566.286518183505,0.76794487087754,5
19.2,357.275915289262,-566.085878348377,0.767944870877543,5
19.25,357.429700550455,-565.88523851325,0.767944870877533,5
19.3,357.583485811647,-565.684598678122,0.767944870877523,5
19.35,357.737271072839,-565.483958842995,0.767944870877513,5
19.4,357.891056334032,-565.283319007867,0.767944870877503,5
19.45,358.044841595224,-565.08267917274,0.767944870877493,5
19.5,358.198626856417,-564.882039337612,0.767944870877483,5
19.55,358.352412117609,-564.681399502485,0.767944870877473,5
19.6,358.506197378802,-564.480759667358,0.767944870877475,5
19.65,358.659982639994,-564.28011983223,0.767944870877484,5
19.7,358.813767901187,-564.079479997103,0.767944870877493,5
19.75,358.967553162379,-563.878840161975,0.767944870877502,5
19.8,359.121338423571,-563.678200326848,0.767944870877495,5
19.85,359.275123684764,-563.47756049172,0.767944870877476,5
19.9,359.428908945956,-563.276920656593,0.767944870877457,5
19.95,359.582694207149,-563.076280821466,0.767944870877438,5
20,359.736479468341,-562.875640986338,0.767944870877453,5
20.05,359.890264729534,-562.67500115121,0.767944870877492,5
20.1,360.044049990726,-562.474361316083,0.767944870877532,5
20.15,360.197835251919,-562.273721480956,0.767944870877571,5
20.2,360.351620513111,-562.073081645828,0.767944870877565,5
20.25,360.505405774304,-561.872441810701,0.767944870877524,5
20.3,360.659191035496,-561.671801975573,0.767944870877484,5
20.35,360.812976296688,-561.471162140446,0.767944870877444,5
20.4,360.966761557881,-561.270522305318,0.767944870877444,5
20.45,361.120546819073,-561.069882470191,0.767944870877475,5
20.5,361.274332080266,-560.869242635063,0.767944870877505,5
20.55,361.428117341458,-560.668602799936,0.767944870877535,5
20.6,361.581902602651,-560.467962964809,0.767944870877537,5
20.65,361.735687863843,-560.267323129681,0.767944870877517,5
20.7,361.889473125036,-560.066683294554,0.767944870877497,5
20.75,362.043258386228,-559.866043459426,0.767944870877478,5
20.8,362.19704364742,-559.665403624299,0.767944870877469,5
20.85,362.350828908613,-559.464763789171,0.767944870877468,5
20.9,362.504614169805,-559.264123954044,0.767944870877467,5
20.95,362.658399430998,-559.063484118916,0.767944870877467,5
21,362.81218469219,-558.862844283789,0.767944870877484,5
21.05,362.965969953383,-558.662204448662,0.767944870877515,5
21.1,363.119755214575,-558.461564613534,0.767944870877546,5
21.15,363.273540475768,-558.260924778407,0.767944870877577,5
21.2,363.42732573696,-558.060284943279,0.767944870877578,5
21.25,363.581110998152,-557.859645108152,0.767944870877557,5
21.3,363.734896259345,-557.659005273024,0.767944870877536,5
21.35,363.888681520537,-557.458365437897,0.767944870877515,5
21.4,364.04246678173,-557.257725602769,0.767944870877506,5
21.45,364.196252042922,-557.057085767642,0.767944870877507,5
21.5,364.350037304115,-556.856445932515,0.767944870877508,5
21.55,364.503822565307,-556.655806097387,0.767944870877509,5
21.6,364.6576078265,-556.45516626226,0.767944870877509,5
21.65,364.811393087692,-556.254526427132,0.767944870877509,5
21.7,364.965178348884,-556.053886592005,0.767944870877509,5
21.75,365.118963610077,-555.853246756877,0.767944870877509,5
21.8,365.272748871269,-555.65260692175,0.767944870877514,5
21.85,365.426534132462,-555.451967086622,0.767944870877524,5
21.9,365.580319393654,-555.251327251495,0.767944870877534,5
21.95,365.734104654847,-555.050687416368,0.767944870877544,5
22,365.887889916039,-554.85004758124,0.767944870877531,5
22.05,366.041675177232,-554.649407746113,0.767944870877501,5
22.1,366.195460438424,-554.448767910985,0.76794487087747,5
22.15,366.349245699617,-554.248128075858,0.76794487087744,5
22.2,366.503030960809,-554.04748824073,0.767944870877439,5
22.25,366.656816222001,-553.846848405603,0.767944870877459,5
22.3,366.810601483194,-553.646208570475,0.76794487087748,5
22.35,366.964386744386,-553.445568735348,0.7679448708775,5
22.4,367.118172005579,-553.244928900221,0.76794487087752,5
22.45,367.271957266771,-553.044289065093,0.76794487087754,5
22.5,367.425742527964,-552.843649229966,0.76794487087756,5
22.55,367.579527789156,-552.643009394838,0.767944870877579,5
22.6,367.733313050349,-552.442369559711,0.767944870877576,5
22.65,367.887098311541,-552.241729724583,0.767944870877557,5
22.7,368.040883572733,-552.041089889456,0.767944870877537,5
22.75,368.194668833926,-551.840450054328,0.767944870877517,5
22.8,368.348454095118,-551.639810219201,0.767944870877509,5
22.85,368.502239356311,-551.439170384073,0.767944870877509,5
22.9,368.656024617503,-551.238530548946,0.767944870877509,5
22.95,368.809809878696,-551.037890713818,0.767944870877509,5
23,368.963595139888,-550.837250878691,0.767944870877509,5
23.05,369.117380401081,-550.636611043564,0.767944870877509,5
23.1,369.271165662273,-550.435971208436,0.767944870877509,5
23.15,369.424950923466,-550.235331373309,0.767944870877509,5
23.2,369.578736184658,-550.034691538181,0.767944870877503,5
23.25,369.732521445851,-549.834051703054,0.767944870877492,5
23.3,369.886306707043,-549.633411867926,0.767944870877481,5
23.35,370.040091968235,-549.432772032799,0.767944870877471,5
23.4,370.193877229428,-549.232132197671,0.767944870877473,5
23.45,370.34766249062,-549.031492362544,0.767944870877483,5
23.5,370.501447751813,-548.830852527417,0.767944870877494,5
23.55,370.655233013005,-548.630212692289,0.767944870877504,5
23.6,370.809018274198,-548.429572857162,0.76794487087752,5
23.65,370.96280353539,-548.228933022034,0.76794487087754,5
23.7,371.116588796582,-548.028293186907,0.76794487087756,5
23.75,371.270374057775,-547.827653351779,0.767944870877579,5
23.8,371.424159318967,-547.627013516652,0.767944870877571,5
23.85,371.57794458016,-547.426373681524,0.767944870877541,5
23.9,371.731729841352,-547.225733846397,0.767944870877511,5
23.95,371.885515102545,-547.02509401127,0.767944870877482,5
24,372.039300363737,-546.824454176142,0.767944870877463,5
24.05,372.19308562493,-546.623814341015,0.767944870877453,5
24.1,372.372920575014,-546.4501497484,0.767944870877442,5
24.15,372.552755525099,-546.276485155785,0.767944870877431,5
24.2,372.732590475184,-546.10282056317,0.767944870877444,5
24.25,372.912425425268,-545.929155970556,0.767944870877475,5
24.3,373.092260375353,-545.755491377941,0.767944870877505,5
24.35,373.272095325438,-545.581826785326,0.767944870877535,5
24.4,373.451930275522,-545.408162192712,0.767944870877543,5
24.45,373.631765225607,-545.234497600097,0.767944870877533,5
24.5,373.811600175692,-545.060833007482,0.767944870877523,5
24.55,373.991435125776,-544.887168414867,0.767944870877513,5
24.6,374.171270075861,-544.713503822252,0.767944870877503,5
24.65,374.351105025946,-544.539839229638,0.767944870877493,5
24.7,374.53093997603,-544.366174637023,0.767944870877483,5
24.75,374.710774926115,-544.192510044408,0.767944870877473,5
24.8,374.8906098762,-544.018845451793,0.767944870877469,5
24.85,375.070444826284,-543.845180859179,0.767944870877468,5
24.9,375.250279776369,-543.671516266564,0.767944870877467,5
24.95,375.430114726454,-543.497851673949,0.767944870877467,5
25,375.609949676538,-543.324187081334,0.767944870877478,5
25.05,375.789784626623,-543.15052248872,0.767944870877499,5
25.1,375.969619576708,-542.976857896105,0.767944870877519,5
25.15,376.149454526792,-542.80319330349,0.76794487087754,5
25.2,376.329289476877,-542.629528710875,0.767944870877537,5
25.25,376.509124426962,-542.455864118261,0.767944870877517,5
25.3,376.688959377046,-542.282199525646,0.767944870877497,5
25.35,376.868794327131,-542.108534933031,0.767944870877478,5
25.4,377.048629277216,-541.934870340416,0.767944870877469,5
25.45,377.2284642273,-541.761205747802,0.767944870877468,5
25.5,377.408299177385,-541.587541155187,0.767944870877467,5
25.55,377.58813412747,-541.413876562572,0.767944870877467,5
25.6,377.767969077554,-541.240211969957,0.767944870877478,5
25.65,377.947804027639,-541.066547377343,0.767944870877499,5
25.7,378.127638977724,-540.892882784728,0.767944870877519,5
25.75,378.307473927808,-540.719218192113,0.76794487087754,5
25.8,378.487308877893,-540.545553599498,0.767944870877543,5
25.85,378.667143827978,-540.371889006884,0.767944870877533,5
25.9,378.846978778062,-540.198224414269,0.767944870877523,5
25.95,379.026813728147,-540.024559821654,0.767944870877513,5
26,379.206648678232,-539.850895229039,0.76794487087752,5
26.05,379.386483628316,-539.677230636425,0.76794487087754,5
26.1,379.566318578401,-539.50356604381,0.76794487087756,5
26.15,379.746153528485,-539.329901451195,0.767944870877579,5
26.2,379.92598847857,-539.15623685858,0.767944870877559,5
26.25,380.105823428655,-538.982572265966,0.767944870877509,5
26.3,380.28565837874,-538.808907673351,0.767944870877459,5
26.35,380.465493328824,-538.635243080736,0.767944870877409,5
26.4,380.645328278909,-538.461578488121,0.767944870877405,5
26.45,380.825163228994,-538.287913895507,0.767944870877435,5
26.5,381.004998179078,-538.114249302892,0.767944870877466,5
26.55,381.184833129163,-537.940584710277,0.767944870877496,5
26.6,381.364668079248,-537.766920117662,0.767944870877509,5
26.65,381.544503029332,-537.593255525048,0.767944870877509,5
26.7,381.724337979417,-537.419590932433,0.767944870877509,5
26.75,381.904172929501,-537.245926339818,0.767944870877509,5
26.8,382.084007879586,-537.072261747203,0.767944870877514,5
26.85,382.263842829671,-536.898597154589,0.767944870877524,5
26.9,382.443677779755,-536.724932561974,0.767944870877534,5
26.95,382.62351272984,-536.551267969359,0.767944870877544,5
27,382.803347679925,-536.377603376745,0.767944870877536,5
27.05,382.983182630009,-536.20393878413,0.767944870877516,5
27.1,383.163017580094,-536.030274191515,0.767944870877496,5
27.15,383.342852530179,-535.8566095989,0.767944870877475,5
27.2,383.522687480264,-535.682945006285,0.767944870877479,5
27.25,383.702522430348,-535.509280413671,0.7679448708775,5
27.3,383.882357380433,-535.335615821056,0.767944870877521,5
27.35,384.062192330517,-535.161951228441,0.767944870877542,5
27.4,384.242027280602,-534.988286635827,0.767944870877539,5
27.45,384.421862230687,-534.814622043212,0.767944870877518,5
27.5,384.601697180772,-534.640957450597,0.767944870877497,5
27.55,384.781532130856,-534.467292857982,0.767944870877475,5
27.6,384.961367080941,-534.293628265367,0.767944870877473,5
27.65,385.141202031026,-534.119963672753,0.767944870877483,5
27.7,385.32103698111,-533.946299080138,0.767944870877494,5
27.75,385.500871931195,-533.772634487523,0.767944870877504,5
27.8,385.680706881279,-533.598969894908,0.767944870877509,5
27.85,385.860541831364,-533.425305302294,0.767944870877509,5
27.9,386.040376781449,-533.251640709679,0.767944870877509,5
27.95,386.220211731533,-533.077976117064,0.767944870877509,5
28,386.400046681618,-532.904311524449,0.767944870877526,5
28.05,386.579881631703,-532.730646931835,0.767944870877555,5
28.1,386.759716581787,-532.55698233922,0.767944870877585,5
28.15,386.939551531872,-532.383317746605,0.767944870877615,5
28.2,387.119386481957,-532.209653153991,0.767944870877604,5
28.25,387.299221432041,-532.035988561376,0.767944870877565,5
28.3,387.479056382126,-531.862323968761,0.767944870877525,5
28.35,387.658891332211,-531.688659376146,0.767944870877486,5
28.4,387.838726282295,-531.514994783531,0.767944870877469,5
28.45,388.01856123238,-531.341330190917,0.767944870877468,5
28.5,388.198396182465,-531.167665598302,0.767944870877467,5
28.55,388.378231132549,-530.994001005687,0.767944870877467,5
28.6,388.558066082634,-530.820336413072,0.767944870877473,5
28.65,388.737901032719,-530.646671820458,0.767944870877483,5
28.7,388.917735982803,-530.473007227843,0.767944870877494,5
28.75,389.097570932888,-530.299342635228,0.767944870877504,5
28.8,389.277405882973,-530.125678042613,0.767944870877509,5
28.85,389.457240833057,-529.952013449999,0.767944870877509,5
28.9,389.637075783142,-529.778348857384,0.767944870877509,5
28.95,389.816910733227,-529.604684264769,0.767944870877509,5
29,389.996745683311,-529.431019672154,0.767944870877509,5
29.05,390.176580633396,-529.25735507954,0.767944870877509,5
29.1,390.356415583481,-529.083690486925,0.767944870877509,5
29.15,390.536250533565,-528.91002589431,0.767944870877509,5
29.2,390.71608548365,-528.736361301695,0.767944870877497,5
29.25,390.895920433735,-528.562696709081,0.767944870877477,5
29.3,391.075755383819,-528.389032116466,0.767944870877456,5
29.35,391.255590333904,-528.215367523851,0.767944870877436,5
29.4,391.435425283989,-528.041702931236,0.767944870877444,5
29.45,391.615260234073,-527.868038338622,0.767944870877475,5
29.5,391.795095184158,-527.694373746007,0.767944870877505,5
29.55,391.974930134243,-527.520709153392,0.767944870877535,5
29.6,392.154765084327,-527.347044560778,0.767944870877548,5
29.65,392.334600034412,-527.173379968163,0.767944870877548,5
29.7,392.514434984497,-526.999715375548,0.767944870877548,5
29.75,392.694269934581,-526.826050782933,0.767944870877548,5
29.8,392.874104884666,-526.652386190318,0.767944870877543,5
29.85,393.053939834751,-526.478721597704,0.767944870877533,5
29.9,393.233774784835,-526.305057005089,0.767944870877523,5
29.95,393.41360973492,-526.131392412474,0.767944870877513,5
30,393.593444685005,-525.957727819859,0.767944870877514,5
30.05,393.773279635089,-525.784063227245,0.767944870877524,5
30.1,393.953114585174,-525.61039863463,0.767944870877534,5
30.15,394.132949535258,-525.436734042015,0.767944870877544,5
30.2,394.312784485343,-525.2630694494,0.767944870877543,5
30.25,394.492619435428,-525.089404856786,0.767944870877533,5
30.3,394.672454385512,-524.915740264171,0.767944870877523,5
30.35,394.852289335597,-524.742075671556,0.767944870877513,5
30.4,395.032124285682,-524.568411078941,0.767944870877509,5
30.45,395.211959235767,-524.394746486327,0.767944870877509,5
30.5,395.391794185851,-524.221081893712,0.767944870877509,5
30.55,395.571629135936,-524.047417301097,0.767944870877509,5
30.6,395.751464086021,-523.873752708482,0.767944870877497,5
30.65,395.931299036105,-523.700088115868,0.767944870877477,5
30.7,396.11113398619,-523.526423523253,0.767944870877456,5
30.75,396.290968936275,-523.352758930638,0.767944870877436,5
30.8,396.470803886359,-523.179094338023,0.767944870877444,5
30.85,396.650638836444,-523.005429745408,0.767944870877475,5
30.9,396.830473786529,-522.831765152794,0.767944870877505,5
30.95,397.010308736613,-522.658100560179,0.767944870877535,5
31,397.190143686698,-522.484435967565,0.767944870877536,5
31.05,397.369978636782,-522.31077137495,0.767944870877516,5
31.1,397.549813586867,-522.137106782335,0.767944870877496,5
31.15,397.729648536952,-521.96344218972,0.767944870877475,5
31.2,397.909483487037,-521.789777597105,0.767944870877473,5
31.25,398.089318437121,-521.616113004491,0.767944870877483,5
31.3,398.269153387206,-521.442448411876,0.767944870877494,5
31.35,398.44898833729,-521.268783819261,0.767944870877504,5
31.4,398.628823287375,-521.095119226646,0.767944870877509,5
31.45,398.80865823746,-520.921454634032,0.767944870877509,5
31.5,398.988493187544,-520.747790041417,0.767944870877509,5
31.55,399.168328137629,-520.574125448802,0.767944870877509,5
31.6,399.348163087714,-520.400460856187,0.767944870877491,5
31.65,399.527998037799,-520.226796263573,0.767944870877461,5
31.7,399.707832987883,-520.053131670958,0.767944870877431,5
31.75,399.887667937968,-519.879467078343,0.7679448708774,5
31.8,400.067502888053,-519.705802485728,0.767944870877428,5
31.85,400.247337838137,-519.532137893114,0.767944870877499,5
31.9,400.427172788222,-519.358473300499,0.767944870877569,5
31.95,400.607007738306,-519.184808707884,0.76794487087764,5
32,400.786842688391,-519.01114411527,0.767944870877629,5
32.05,400.966677638476,-518.837479522655,0.767944870877558,5
32.1,401.14651258856,-518.66381493004,0.767944870877488,5
32.15,401.326347538645,-518.490150337425,0.767944870877417,5
32.2,401.50618248873,-518.31648574481,0.767944870877411,5
32.25,401.686017438815,-518.142821152196,0.767944870877451,5
32.3,401.865852388899,-517.969156559581,0.767944870877491,5
32.35,402.045687338984,-517.795491966966,0.767944870877531,5
32.4,402.225522289068,-517.621827374351,0.767944870877548,5
32.45,402.405357239153,-517.448162781737,0.767944870877548,5
32.5,402.585192189238,-517.274498189122,0.767944870877548,5
32.55,402.765027139322,-517.100833596507,0.767944870877548,5
32.6,402.944862089407,-516.927169003892,0.767944870877525,5
32.65,403.124697039492,-516.753504411278,0.767944870877485,5
32.7,403.304531989576,-516.579839818663,0.767944870877445,5
32.75,403.484366939661,-516.406175226048,0.767944870877404,5
32.8,403.664201889746,-516.232510633433,0.767944870877405,5
32.85,403.84403683983,-516.058846040819,0.767944870877435,5
32.9,404.023871789915,-515.885181448204,0.767944870877466,5
32.95,404.20370674,-515.711516855589,0.767944870877496,5
33,404.383541690084,-515.537852262975,0.767944870877509,5
33.05,404.563376640169,-515.36418767036,0.767944870877509,5
33.1,404.743211590254,-515.190523077745,0.767944870877509,5
33.15,404.923046540338,-515.01685848513,0.767944870877509,5
33.2,405.102881490423,-514.843193892516,0.767944870877514,5
33.25,405.282716440508,-514.669529299901,0.767944870877524,5
33.3,405.462551390592,-514.495864707286,0.767944870877534,5
33.35,405.642386340677,-514.322200114671,0.767944870877544,5
33.4,405.822221290762,-514.148535522057,0.767944870877554,5
33.45,406.002056240846,-513.974870929442,0.767944870877564,5
33.5,406.181891190931,-513.801206336827,0.767944870877574,5
33.55,406.361726141016,-513.627541744212,0.767944870877584,5
33.6,406.5415610911,-513.453877151597,0.767944870877559,5
33.65,406.721396041185,-513.280212558983,0.767944870877509,5
33.7,406.90123099127,-513.106547966368,0.767944870877459,5
33.75,407.081065941354,-512.932883373753,0.767944870877409,5
33.8,407.260900891439,-512.759218781138,0.767944870877422,5
33.85,407.440735841524,-512.585554188524,0.767944870877483,5
33.9,407.620570791608,-512.411889595909,0.767944870877544,5
33.95,407.800405741693,-512.238225003294,0.767944870877604,5
34,407.980240691778,-512.06456041068,0.767944870877601,5
34.05,408.160075641862,-511.890895818065,0.76794487087755,5
34.1,408.339910591947,-511.71723122545,0.767944870877499,5
34.15,408.519745542032,-511.543566632835,0.767944870877449,5
34.2,408.699580492116,-511.36990204022,0.76794487087745,5
34.25,408.879415442201,-511.196237447606,0.76794487087749,5
34.3,409.059250392286,-511.022572854991,0.76794487087753,5
34.35,409.23908534237,-510.848908262376,0.767944870877571,5
34.4,409.418920292455,-510.675243669762,0.767944870877565,5
34.45,409.59875524254,-510.501579077147,0.767944870877525,5
34.5,409.778590192624,-510.327914484532,0.767944870877485,5
34.55,409.958425142709,-510.154249891917,0.767944870877445,5
34.6,410.138260092794,-509.980585299302,0.767944870877434,5
34.65,410.318095042878,-509.806920706688,0.767944870877444,5
34.7,410.497929992963,-509.633256114073,0.767944870877454,5
34.75,410.677764943048,-509.459591521458,0.767944870877464,5
34.8,410.857599893132,-509.285926928843,0.76794487087748,5
34.85,411.037434843217,-509.112262336229,0.7679448708775,5
34.9,411.217269793302,-508.938597743614,0.767944870877521,5
34.95,411.397104743386,-508.764933150999,0.767944870877541,5
35,411.576939693471,-508.591268558385,0.767944870877544,5
35.05,411.756774643556,-508.41760396577,0.767944870877533,5
35.1,411.93660959364,-508.243939373155,0.767944870877523,5
35.15,412.116444543725,-508.07027478054,0.767944870877512,5
35.2,412.29627949381,-507.896610187925,0.767944870877513,5
35.25,412.476114443894,-507.722945595311,0.767944870877523,5
35.3,412.655949393979,-507.549281002696,0.767944870877534,5
35.35,412.835784344063,-507.375616410081,0.767944870877544,5
35.4,413.015619294148,-507.201951817466,0.767944870877537,5
35.45,413.195454244233,-507.028287224852,0.767944870877517,5
35.5,413.375289194318,-506.854622632237,0.767944870877497,5
35.55,413.555124144402,-506.680958039622,0.767944870877476,5
35.6,413.734959094487,-506.507293447007,0.767944870877468,5
35.65,413.914794044572,-506.333628854393,0.767944870877468,5
35.7,414.094628994656,-506.159964261778,0.767944870877468,5
35.75,414.274463944741,-505.986299669163,0.767944870877468,5
35.8,414.454298894826,-505.812635076548,0.767944870877474,5
35.85,414.63413384491,-505.638970483934,0.767944870877484,5
35.9,414.813968794995,-505.465305891319,0.767944870877494,5
35.95,414.99380374508,-505.291641298704,0.767944870877504,5
36,415.173638695164,-505.11797670609,0.767944870877514,5
36.05,415.353473645249,-504.944312113475,0.767944870877524,5
36.1,415.533308595333,-504.77064752086,0.767944870877534,5
36.15,415.713143545418,-504.596982928245,0.767944870877544,5
36.2,415.892978495503,-504.42331833563,0.767944870877548,5
36.25,416.072813445587,-504.249653743016,0.767944870877548,5
36.3,416.252648395672,-504.075989150401,0.767944870877548,5
36.35,416.432483345757,-503.902324557786,0.767944870877548,5
36.4,416.612318295841,-503.728659965171,0.767944870877548,5
36.45,416.792153245926,-503.554995372557,0.767944870877548,5
36.5,416.971988196011,-503.381330779942,0.767944870877548,5
36.55,417.151823146095,-503.207666187327,0.767944870877548,5
36.6,417.33165809618,-503.034001594712,0.767944870877537,5
36.65,417.511493046265,-502.860337002098,0.767944870877517,5
36.7,417.691327996349,-502.686672409483,0.767944870877497,5
36.75,417.871162946434,-502.513007816868,0.767944870877476,5
36.8,418.050997896519,-502.339343224253,0.767944870877468,5
36.85,418.230832846603,-502.165678631639,0.767944870877468,5
36.9,418.410667796688,-501.992014039024,0.767944870877468,5
36.95,418.590502746773,-501.818349446409,0.767944870877468,5
37,418.770337696857,-501.644684853794,0.767944870877474,5
37.05,418.950172646942,-501.47102026118,0.767944870877484,5
37.1,419.130007597027,-501.297355668565,0.767944870877494,5
37.15,419.309842547111,-501.12369107595,0.767944870877504,5
37.2,419.489677497196,-500.950026483336,0.767944870877514,5
37.25,419.669512447281,-500.776361890721,0.767944870877524,5
37.3,419.849347397365,-500.602697298106,0.767944870877534,5
37.35,420.02918234745,-500.429032705491,0.767944870877544,5
37.4,420.209017297535,-500.255368112877,0.767944870877525,5
37.45,420.388852247619,-500.081703520262,0.767944870877485,5
37.5,420.568687197704,-499.908038927647,0.767944870877445,5
37.55,420.748522147789,-499.734374335032,0.767944870877404,5
37.6,420.928357097873,-499.560709742417,0.767944870877417,5
37.65,421.108192047958,-499.387045149803,0.767944870877467,5
37.7,421.288026998043,-499.213380557188,0.767944870877517,5
37.75,421.467861948127,-499.039715964573,0.767944870877568,5
37.8,421.647696898212,-498.866051371959,0.767944870877572,5
37.85,421.827531848297,-498.692386779344,0.767944870877541,5
37.9,422.007366798381,-498.518722186729,0.767944870877511,5
37.95,422.187201748466,-498.345057594114,0.767944870877481,5
38,422.367036698551,-498.171393001499,0.767944870877484,5
38.05,422.546871648635,-497.997728408885,0.767944870877511,5
38.1,422.72670659872,-497.82406381627,0.767944870877539,5
38.15,422.906541548805,-497.650399223655,0.767944870877566,5
38.2,423.000787831563,-497.559386646328,0.767944870877578,5
38.25,423.004642874297,-497.555663874833,0.767944870877578,5
38.3,423.004642874297,-497.555663874833,0.767944870877578,5
38.35,423.004642874297,-497.555663874833,0.767944870877578,5
38.4,423.004642874297,-497.555663874833,0.767944870877578,5
38.45,423.004642874297,-497.555663874833,0.767944870877578,5
38.5,423.004642874297,-497.555663874833,0.767944870877578,5
38.55,423.004642874297,-497.555663874833,0.767944870877578,5
38.6,423.004642874297,-497.555663874833,0.767944870877578,5
38.65,423.004642874297,-497.555663874833,0.767944870877578,5
38.7,423.004642874297,-497.555663874833,0.767944870877578,5
38.75,423.004642874297,-497.555663874833,0.767944870877578,5
38.8,423.004642874297,-497.555663874833,0.767944870877578,5
38.85,423.004642874297,-497.555663874833,0.767944870877578,5
38.9,423.004642874297,-497.555663874833,0.767944870877578,5
38.95,423.004642874297,-497.555663874833,0.767944870877578,5
39,423.004642874297,-497.555663874833,0.767944870877578,5
39.05,423.004642874297,-497.555663874833,0.767944870877578,5
39.1,423.004642874297,-497.555663874833,0.767944870877578,5
39.15,423.004642874297,-497.555663874833,0.767944870877578,5
39.2,423.004642874297,-497.555663874833,0.767944870877578,5
39.25,423.004642874297,-497.555663874833,0.767944870877578,5
39.3,423.004642874297,-497.555663874833,0.767944870877578,5
39.35,423.004642874297,-497.555663874833,0.767944870877578,5
39.4,423.004642874297,-497.555663874833,0.767944870877578,5
39.45,423.004642874297,-497.555663874833,0.767944870877578,5
39.5,423.004642874297,-497.555663874833,0.767944870877578,5
39.55,423.004642874297,-497.555663874833,0.767944870877578,5
39.6,423.004642874297,-497.555663874833,0.767944870877578,5
39.65,423.004642874297,-497.555663874833,0.767944870877578,5
39.7,423.004642874297,-497.555663874833,0.767944870877578,5
39.75,423.004642874297,-497.555663874833,0.767944870877578,5
39.8,423.004642874297,-497.555663874833,0.767944870877578,5
39.85,423.004642874297,-497.555663874833,0.767944870877578,5
39.9,423.004642874297,-497.555663874833,0.767944870877578,5
39.95,423.004642874297,-497.555663874833,0.767944870877578,5
40,423.004642874297,-497.555663874833,0.767944870877578,5
40.05,423.004642874297,-497.555663874833,0.767944870877578,5
40.1,423.004642874297,-497.555663874833,0.767944870877578,5
40.15,423.004642874297,-497.555663874833,0.767944870877578,5
40.2,423.004642874297,-497.555663874833,0.767944870877578,5
40.25,423.004642874297,-497.555663874833,0.767944870877578,5
40.3,423.004642874297,-497.555663874833,0.767944870877578,5
40.35,423.004642874297,-497.555663874833,0.767944870877578,5
40.4,423.004642874297,-497.555663874833,0.767944870877578,5
40.45,423.004642874297,-497.555663874833,0.767944870877578,5
40.5,423.004642874297,-497.555663874833,0.767944870877578,5
40.55,423.004642874297,-497.555663874833,0.767944870877578,5
40.6,423.004642874297,-497.555663874833,0.767944870877578,5
40.65,423.004642874297,-497.555663874833,0.767944870877578,5
40.7,423.004642874297,-497.555663874833,0.767944870877578,5
40.75,423.004642874297,-497.555663874833,0.767944870877578,5
40.8,423.004642874297,-497.555663874833,0.767944870877578,5
40.85,423.004642874297,-497.555663874833,0.767944870877578,5
40.9,423.004642874297,-497.555663874833,0.767944870877578,5
40.95,423.004642874297,-497.555663874833,0.767944870877578,5
41,423.004642874297,-497.555663874833,0.767944870877578,5
41.05,423.004642874297,-497.555663874833,0.767944870877578,5
41.1,423.004642874297,-497.555663874833,0.767944870877578,5
41.15,423.004642874297,-497.555663874833,0.767944870877578,5
41.2,423.004642874297,-497.555663874833,0.767944870877578,5
41.25,423.004642874297,-497.555663874833,0.767944870877578,5
41.3,423.004642874297,-497.555663874833,0.767944870877578,5
41.35,423.004642874297,-497.555663874833,0.767944870877578,5
41.4,423.004642874297,-497.555663874833,0.767944870877578,5
41.45,423.004642874297,-497.555663874833,0.767944870877578,5
41.5,423.004642874297,-497.555663874833,0.767944870877578,5
41.55,423.004642874297,-497.555663874833,0.767944870877578,5
41.6,423.004642874297,-497.555663874833,0.767944870877578,5
41.65,423.004642874297,-497.555663874833,0.767944870877578,5
41.7,423.004642874297,-497.555663874833,0.767944870877578,5
41.75,423.004642874297,-497.555663874833,0.767944870877578,5
41.8,423.004642874297,-497.555663874833,0.767944870877578,5
41.85,423.004642874297,-497.555663874833,0.767944870877578,5
41.9,423.004642874297,-497.555663874833,0.767944870877578,5
41.95,423.004642874297,-497.555663874833,0.767944870877578,5
42,423.004642874297,-497.555663874833,0.767944870877578,5
42.05,423.004642874297,-497.555663874833,0.767944870877578,5
42.1,423.004642874297,-497.555663874833,0.767944870877578,5
42.15,423.004642874297,-497.555663874833,0.767944870877578,5
42.2,423.004642874297,-497.555663874833,0.767944870877578,5
42.25,423.004642874297,-497.555663874833,0.767944870877578,5
42.3,423.004642874297,-497.555663874833,0.767944870877578,5
42.35,423.004642874297,-497.555663874833,0.767944870877578,5
42.4,423.004642874297,-497.555663874833,0.767944870877578,5
42.45,423.004642874297,-497.555663874833,0.767944870877578,5
42.5,423.004642874297,-497.555663874833,0.767944870877578,5
42.55,423.004642874297,-497.555663874833,0.767944870877578,5
42.6,423.004642874297,-497.555663874833,0.767944870877578,5
42.65,423.004642874297,-497.555663874833,0.767944870877578,5
42.7,423.004642874297,-497.555663874833,0.767944870877578,5
42.75,423.004642874297,-497.555663874833,0.767944870877578,5
42.8,423.004642874297,-497.555663874833,0.767944870877578,5
42.85,423.004642874297,-497.555663874833,0.767944870877578,5
42.9,423.004642874297,-497.555663874833,0.767944870877578,5
42.95,423.004642874297,-497.555663874833,0.767944870877578,5
43,423.004642874297,-497.555663874833,0.767944870877578,5
43.05,423.004642874297,-497.555663874833,0.767944870877578,5
43.1,423.004642874297,-497.555663874833,0.767944870877578,5
43.15,423.004642874297,-497.555663874833,0.767944870877578,5
43.2,423.004642874297,-497.555663874833,0.767944870877578,5
43.25,423.004642874297,-497.555663874833,0.767944870877578,5
43.3,423.004642874297,-497.555663874833,0.767944870877578,5
43.35,423.004642874297,-497.555663874833,0.767944870877578,5
43.4,423.004642874297,-497.555663874833,0.767944870877578,5
43.45,423.004642874297,-497.555663874833,0.767944870877578,5
43.5,423.004642874297,-497.555663874833,0.767944870877578,5
43.55,423.004642874297,-497.555663874833,0.767944870877578,5
43.6,423.004642874297,-497.555663874833,0.767944870877578,5
43.65,423.004642874297,-497.555663874833,0.767944870877578,5
43.7,423.004642874297,-497.555663874833,0.767944870877578,5
43.75,423.004642874297,-497.555663874833,0.767944870877578,5
43.8,423.004642874297,-497.555663874833,0.767944870877578,5
43.85,423.004642874297,-497.555663874833,0.767944870877578,5
43.9,423.004642874297,-497.555663874833,0.767944870877578,5
43.95,423.004642874297,-497.555663874833,0.767944870877578,5
44,423.004642874297,-497.555663874833,0.767944870877578,5
44.05,423.004642874297,-497.555663874833,0.767944870877578,5
44.1,423.004642874297,-497.555663874833,0.767944870877578,5
44.15,423.004642874297,-497.555663874833,0.767944870877578,5
44.2,423.004642874297,-497.555663874833,0.767944870877578,5
44.25,423.004642874297,-497.555663874833,0.767944870877578,5
44.3,423.004642874297,-497.555663874833,0.767944870877578,5
44.35,423.004642874297,-497.555663874833,0.767944870877578,5
44.4,423.004642874297,-497.555663874833,0.767944870877578,5
44.45,423.004642874297,-497.555663874833,0.767944870877578,5
44.5,423.004642874297,-497.555663874833,0.767944870877578,5
44.55,423.004642874297,-497.555663874833,0.767944870877578,5
44.6,423.004642874297,-497.555663874833,0.767944870877578,5
44.65,423.004642874297,-497.555663874833,0.767944870877578,5
44.7,423.004642874297,-497.555663874833,0.767944870877578,5
44.75,423.004642874297,-497.555663874833,0.767944870877578,5
44.8,423.004642874297,-497.555663874833,0.767944870877578,5
44.85,423.004642874297,-497.555663874833,0.767944870877578,5
44.9,423.004642874297,-497.555663874833,0.767944870877578,5
44.95,423.004642874297,-497.555663874833,0.767944870877578,5
45,423.004642874297,-497.555663874833,0.767944870877578,5
45.05,423.004642874297,-497.555663874833,0.767944870877578,5
45.1,423.004642874297,-497.555663874833,0.767944870877578,5
45.15,423.004642874297,-497.555663874833,0.767944870877578,5
45.2,423.004642874297,-497.555663874833,0.767944870877578,5
45.25,423.004642874297,-497.555663874833,0.767944870877578,5
45.3,423.004642874297,-497.555663874833,0.767944870877578,5
45.35,423.004642874297,-497.555663874833,0.767944870877578,5
45.4,423.004642874297,-497.555663874833,0.767944870877578,5
45.45,423.004642874297,-497.555663874833,0.767944870877578,5
45.5,423.004642874297,-497.555663874833,0.767944870877578,5
45.55,423.004642874297,-497.555663874833,0.767944870877578,5
45.6,423.004642874297,-497.555663874833,0.767944870877578,5
45.65,423.004642874297,-497.555663874833,0.767944870877578,5
45.7,423.004642874297,-497.555663874833,0.767944870877578,5
45.75,423.004642874297,-497.555663874833,0.767944870877578,5
45.8,423.004642874297,-497.555663874833,0.767944870877578,5
45.85,423.004642874297,-497.555663874833,0.767944870877578,5
45.9,423.004642874297,-497.555663874833,0.767944870877578,5
45.95,423.004642874297,-497.555663874833,0.767944870877578,5
46,423.004642874297,-497.555663874833,0.767944870877578,5
46.05,423.004642874297,-497.555663874833,0.767944870877578,5
46.1,423.004642874297,-497.555663874833,0.767944870877578,5
46.15,423.004642874297,-497.555663874833,0.767944870877578,5
46.2,423.004642874297,-497.555663874833,0.767944870877578,5
46.25,423.004642874297,-497.555663874833,0.767944870877578,5
46.3,423.004642874297,-497.555663874833,0.767944870877578,5
46.35,423.004642874297,-497.555663874833,0.767944870877578,5
46.4,423.004642874297,-497.555663874833,0.767944870877578,5
46.45,423.004642874297,-497.555663874833,0.767944870877578,5
46.5,423.004642874297,-497.555663874833,0.767944870877578,5
46.55,423.004642874297,-497.555663874833,0.767944870877578,5
46.6,423.004642874297,-497.555663874833,0.767944870877578,5
46.65,423.004642874297,-497.555663874833,0.767944870877578,5
46.7,423.004642874297,-497.555663874833,0.767944870877578,5
46.75,423.004642874297,-497.555663874833,0.767944870877578,5
46.8,423.004642874297,-497.555663874833,0.767944870877578,5
46.85,423.004642874297,-497.555663874833,0.767944870877578,5
46.9,423.004642874297,-497.555663874833,0.767944870877578,5
46.95,423.004642874297,-497.555663874833,0.767944870877578,5
47,423.004642874297,-497.555663874833,0.767944870877578,5
47.05,423.004642874297,-497.555663874833,0.767944870877578,5
47.1,423.004642874297,-497.555663874833,0.767944870877578,5
47.15,423.004642874297,-497.555663874833,0.767944870877578,5
47.2,423.004642874297,-497.555663874833,0.767944870877578,5
47.25,423.004642874297,-497.555663874833,0.767944870877578,5
47.3,423.004642874297,-497.555663874833,0.767944870877578,5
47.35,423.004642874297,-497.555663874833,0.767944870877578,5
47.4,423.004642874297,-497.555663874833,0.767944870877578,5
47.45,423.004642874297,-497.555663874833,0.767944870877578,5
47.5,423.004642874297,-497.555663874833,0.767944870877578,5
47.55,423.004642874297,-497.555663874833,0.767944870877578,5
47.6,423.004642874297,-497.555663874833,0.767944870877578,5
47.65,423.004642874297,-497.555663874833,0.767944870877578,5
47.7,423.004642874297,-497.555663874833,0.767944870877578,5
47.75,423.004642874297,-497.555663874833,0.767944870877578,5
47.8,423.004642874297,-497.555663874833,0.767944870877578,5
47.85,423.004642874297,-497.555663874833,0.767944870877578,5
47.9,423.004642874297,-497.555663874833,0.767944870877578,5
47.95,423.004642874297,-497.555663874833,0.767944870877578,5
