2632.23582125949,1427.70768924432,1
2391.19475152958,1271.38292660838,1
2055.66152137245,1050.01228587042,1
2044.75736540303,1042.81638536683,1
1812.89230138516,879.51140708462,1
1713.67956893289,794.177635035803,1
1678.23570912428,763.689624732413,1
1634.54261260094,713.093055779657,1
1593.97092842538,640.771284898789,1
1577.68437739088,609.122450506244,1
1536.89982073474,529.839737787311,1
1466.00530427808,425.114059202379,1
1379.95069127118,324.831893240584,1
1338.9359179034,287.59377151193,1
1324.67995246902,274.645273598168,1
1298.06614576891,250.477748772249,1
1298.06614576891,250.477748772249,2
1286.46373037112,239.946048874591,2
1224.65483676113,183.817838353407,2
1199.19311574484,160.692628876384,2
1175.82325192813,139.474246758806,2
1149.94487593608,115.972230532345,2
1132.19217360806,99.8534295667678,2
1112.45397629053,81.9276714029062,2
1104.81243816425,74.9879629397039,2
909.808962507477,-98.403623680957,2
909.808962507477,-98.403623680957,3
879.677522287006,-125.197480268753,3
862.011000843401,-138.378429343341,3
838.378214816918,-157.767167792473,3
762.25897500909,-223.426616845423,3
725.365817801065,-250.05424438617,3
707.698390753829,-254.965845911561,3
679.898686389842,-252.905830855784,3
638.334414615884,-243.852161674418,3
605.33296464519,-236.881782681719,3
584.807625467632,-233.524239689748,3
568.699434518379,-234.30098778404,3
552.330003948786,-241.01906497684,3
533.365151269286,-258.600138346118,3
418.800594323779,-382.940812491559,3
368.665465010675,-430.373511711279,3
328.119042147805,-461.932580576412,3
306.567155027884,-478.582231388305,3
-659.938088156642,-151.760121651332,4
-681.810518966225,-168.995350696584,4
-798.842994861762,-224.144547588627,4
-827.235018885131,-246.688543581182,4
-827.235018885131,-246.688543581182,5
-894.762190337544,-300.299514689511,5
-894.762190337544,-300.299514689511,6
-902.211453748534,-306.473033523269,6
-902.211453748534,-306.473033523269,7
-1075.07734215338,-449.659577427414,7
-1129.06432414296,-494.369492384118,7
-1221.60573698797,-554.64885719012,7
-1246.55033658117,-570.896114750181,7
-1278.24703498888,-591.543129355676,7
-1285.27031089282,-596.12026035535,7
-1330.72282144898,-622.939655804182,7
-1543.14740807791,-748.301259094739,7
-1577.44092471937,-767.062688907735,7
-894.762190337544,-300.299514689511,8
-955.860822549054,-270.077897533708,8
-982.585142187782,-268.701102665407,8
-982.585142187782,-268.701102665407,9
-996.697981986944,-267.968276449136,9
-1100.17907245395,-294.572710360558,9
-1215.34258695846,-323.303172556358,9
-1296.58412274972,-343.578880854552,9
-1322.37872845804,-342.556091707425,9
-1338.48703525623,-341.91127770189,9
-1349.38411518477,-341.477674996404,9
-1405.69786041228,-320.454393045756,9
-1508.63219581223,-231.963865275113,9
-1508.63219581223,-231.963865275113,10
-1537.59074562333,-207.695775423268,10
-1580.57393698633,-177.351290772686,10
-1591.46011884322,-169.557287779613,10
-1626.72711220801,-166.603734810176,10
-1658.82797624363,-172.263264568146,10
-1667.1584641906,-174.700640659707,10
-1690.01895204309,-181.791360886351,10
-1717.04563927181,-196.08638082656,10
-1773.23092732936,-229.331415323974,10
-1812.65758383869,-251.94876507129,10
-1816.82305285761,-254.275855425953,10
-1835.51832061553,-259.039188412508,10
-1848.01360605137,-259.037139502399,10
-1894.94051413526,-240.894935387841,10
-1946.85594358883,-224.259175134677,10
-2032.09439431425,-221.805467849079,10
-2079.94396699988,-219.4689454855,10
-2106.97124072658,-233.763026428464,10
-2136.03585918317,-264.683535981828,10
-2152.69988040346,-283.634998646966,10
-2161.03055795314,-286.072008069792,10
-2200.45562941678,-295.597098315114,10
-2267.00193601029,-302.677999759346,10
-2306.40656747341,-306.283552760481,10
-2318.92151575896,-307.433772971685,10
-2343.91267938414,-309.756348813367,10
-2370.9390085271,-316.955657743508,10
-2399.99947656152,-324.04362125681,10
-2424.99122026384,-328.804625549327,10
-2447.85249939224,-335.893801837645,10
-2472.74742630885,-340.654720902252,10
-2518.46962476721,-352.615915148183,10
-2543.46092995517,-354.938046854091,10
-2557.98992503997,-352.606984359288,10
-2570.48475604511,-350.165522907365,10
-2591.21189997992,-343.066625191508,10
-2605.83660174236,-335.858260709114,10
-2634.8944845387,-331.085109570894,10
-2651.55442177683,-328.753425868944,10
-2655.71954258425,-328.752441838154,10
-2661.91934376931,-331.078737396933,10
-2690.98289938629,-350.137300372407,10
-2703.47943267688,-354.900671535123,10
-2715.97482414025,-354.89765704434,10
-2749.19900447602,-354.88957415113,10
-2786.58419058678,-338.253482112185,10
-2801.20818010128,-328.717100184768,10
-2826.09905737306,-316.850357329878,10
-2844.7918246552,-309.640657111384,10
-2851.08733589392,-307.311297625781,10
-2875.98236992056,-312.071323139526,10
-2923.835842841,-323.919476029334,10
-2940.40070300857,-328.681524021763,10
-2994.45229980291,-335.761379380085,10
-3054.70584419194,-352.482879652734,10
-3090.06427567299,-364.333715001108,10
-3144.12014010977,-385.711964391305,10
-3185.67940930647,-402.327132572255,10
-3204.37686226803,-411.854557467984,10
-3254.26939388047,-437.999833997357,10
-3279.26592616466,-457.058049900293,10
-3316.66889503522,-502.16132602494,10
-3329.16799746021,-514.128978949002,10
-3341.6677859369,-528.313534296919,10
-3345.83512640346,-535.517273026403,10
-3370.7358638611,-556.903073933005,10
-3393.60322535618,-580.617195957741,10
-3397.76917687766,-583.054544751313,10
-3414.43364112365,-594.909994902171,10
-3416.51662178848,-596.128665412539,10
-3417.64721429758,-596.549932662288,10
-3418.95601116003,-596.595063901166,10
-3420.44301237584,-596.264059129174,10
-3422.10821794501,-595.556918346311,10
-3437.29174365597,-587.808890278831,10
-3458.01509260052,-568.73704690594,10
-3468.47360591397,-559.201080783167,10
-3472.54122712416,-556.872061518754,10
-3497.53169867091,-554.42569944249,10
-3568.15175586652,-571.141208229566,10
-3591.11111337481,-578.228024414083,10
-3607.68122255223,-597.288196912916,10
-3634.71826797992,-632.971835674496,10
-3643.05178985694,-642.39103064245,10
-3665.9230463147,-675.748180376915,10
-3676.29393854668,-694.699424895918,10
-3674.26210004859,-701.905067442538,10
-3667.96733471319,-706.673494605445,10
-3628.54956819588,-728.079538297574,10
-3605.44206222767,-743.328277411287,10
-3581.86963094394,-758.887485160343,10
-3578.69306143587,-760.983483315253,10
52.3175522206718,-592.259026646377,11
6.96507372365164,-599.730054494473,11
-132.211720268879,-619.359969426503,11
-155.876048282724,-622.130694400288,11
-155.876048282724,-622.130694400288,12
-190.050350532449,-625.588497644106,12
-190.050350532449,-625.588497644106,13
-237.669759778239,-633.202698538918,13
-262.874404967975,-639.010457645385,13
-262.874404967975,-639.010457645385,14
-297.475072845582,-644.585139028425,14
-297.475072845582,-644.585139028425,15
-581.895993583851,-701.604174434269,15
-581.895993583851,-701.604174434269,16
-802.851612283686,-745.507661278817,16
-893.268798485956,-766.184660427346,16
-893.268798485956,-766.184660427346,17
-907.488984048471,-767.447162627324,17
-907.488984048471,-767.447162627324,18
-961.852016252088,-781.874761406153,18
-961.852016252088,-781.874761406153,19
-1127.0724850539,-819.657812772183,19
-1142.24229051432,-823.125753531437,19
-1219.56386400053,-840.620174099434,19
-1258.011626311,-849.31732789606,19
-1345.35966193695,-869.082093025969,19
-1446.1343156287,-891.881632125502,19
-1462.09826232764,-892.478132714657,19
-1474.98050127955,-883.154318642363,19
-1527.51308544012,-819.510733668559,19
-1577.44092471937,-767.062688907735,19
-1577.44092471937,-767.062688907735,20
-1597.59622973586,-747.861348206811,20
-1626.94301715133,-721.054621218946,20
-1666.5661239969,-687.041319043379,20
-1696.98698485675,-654.824971683134,20
-1712.33482009205,-619.130289721633,20
-1718.18166508921,-593.967395595702,20
-1719.74658743744,-565.878824137876,20
-1713.92149097943,-543.00113548282,20
-1696.62691244557,-515.502910121741,20
-1639.00852778123,-427.544206108198,20
-1606.3538457009,-347.340863846497,20
-1556.1217477856,-286.681993858804,20
-1521.10097434622,-251.02767423909,20
-1508.63219581223,-231.963865275113,20
-1508.63219581223,-231.963865275113,21
-1459.71811742538,-168.64407633597,21
-1396.83904116667,-120.267841064255,21
-1345.23668763504,-84.8588760288125,21
-1214.14743877196,-19.9624501945834,21
-1157.19846045301,24.8797941293233,21
-1107.96885173838,77.9811099929586,21
-1077.22136850809,121.673583298727,21
-1062.2836417185,142.899156483687,21
-1049.28257930588,170.254711216369,21
-1049.28257930588,170.254711216369,22
-1036.77565391991,196.590544948514,22
-1027.70773338539,217.805625035865,22
-1027.70773338539,217.805625035865,23
-1004.74744602441,271.53057885567,23
-1003.89389082626,284.998285892175,23
-1003.89389082626,284.998285892175,24
-998.801699095813,365.361153349085,24
-998.202162695609,463.315687256856,24
-992.271731991156,495.183382054998,24
-981.509205884216,515.833043842182,24
-981.509205884216,515.833043842182,25
-920.510543910098,382.469081270787,25
-853.602201722624,247.45341880453,25
-810.321009767069,181.08674622634,25
-810.321009767069,181.08674622634,26
-795.716276208783,158.694822734282,26
-742.893801995728,91.1527793108916,26
-742.893801995728,91.1527793108916,27
-697.508969079062,33.1109449594822,27
-684.308276328432,10.9963729244773,27
-684.308276328432,10.9963729244773,28
-679.475434251554,2.9043279021211,28
-679.475434251554,2.9043279021211,29
-664.774537452986,-39.5948732246953,29
-651.013245748733,-84.9094840533586,29
-650.065908304111,-117.775347139057,29
-650.065908304111,-117.775347139057,30
-655.762376406059,-135.144567337937,30
-659.938088156642,-151.760121651332,30
-659.938088156642,-151.760121651332,31
-644.37376918854,-175.559637244871,31
-641.284144105934,-180.315102520262,31
-641.284144105934,-180.315102520262,32
-543.596410201021,-330.793527470724,32
-517.968209723093,-370.455386675693,32
-484.755907773251,-422.388150531585,32
-437.749612673578,-469.809932847534,32
-437.749612673578,-469.809932847534,33
-350.00282157175,-558.356661592174,33
-295.169144374987,-624.887898525153,33
-295.169144374987,-624.887898525153,34
-282.654288598537,-633.245994944426,34
-262.874404967975,-639.010457645385,34
19.0329655502688,321.532602670096,35
135.386940815591,416.905272376333,35
135.386940815591,416.905272376333,36
249.840573847862,511.724887413183,36
287.991557532074,535.446842727975,36
287.991557532074,535.446842727975,37
328.883326688871,561.474605026825,37
328.883326688871,561.474605026825,38
361.610164351725,582.325743115354,38
416.855593825716,606.713777848882,38
416.855593825716,606.713777848882,39
422.918625510535,609.49623918602,39
422.918625510535,609.49623918602,40
471.306545277967,631.744958608717,40
499.722948650249,650.922546341485,40
513.79479453953,676.306917772921,40
531.506865497597,732.041119343767,40
531.506865497597,732.041119343767,41
573.612275530103,864.515282511251,41
573.098698382647,869.536581956976,41
573.098698382647,869.536581956976,42
570.094778495472,898.65568475656,42
570.094778495472,898.65568475656,43
615.846551545068,924.928613713369,43
637.482078035094,948.096645712019,43
637.482078035094,948.096645712019,44
669.508955811216,984.456015637148,44
717.901591179922,1051.50978866195,44
717.901591179922,1051.50978866195,45
756.61194258879,1068.493947768,45
807.641848546118,1082.50844511709,45
840.096297352178,1087.29937631735,45
859.842805003232,1105.91192684447,45
888.422291498709,1121.28850232058,45
888.422291498709,1121.28850232058,46
898.281276546434,1126.58772916022,46
927.373869764377,1143.12832910759,46
954.393601514325,1161.74165023186,46
974.130193082759,1179.32353412122,46
1006.34027846333,1205.16459767395,46
1026.7160311205,1221.54949448385,46
1033.35944423048,1226.8818009398,46
1055.17816430365,1243.4220672711,46
1102.96903262056,1288.91789890183,46
1130.51063997937,1312.17615057052,46
1177.77808974745,1356.12040648832,46
1206.86823057651,1386.10736938787,46
1226.60380676358,1405.75144004041,46
1284.7929827405,1466.74548476789,46
1308.68268197471,1489.4938695468,46
1338.29479494982,1522.06395412159,46
1344.53100009665,1528.42726739088,46
1379.33354351199,1563.93550732941,46
1396.9966266236,1578.41419729866,46
1413.61424179761,1588.7471377246,46
1438.55009153621,1605.80952667353,46
1456.21336736975,1617.7055952641,46
1472.84062136427,1627.52873281956,46
1484.93553368711,1636.63079489734,46
1494.13501418696,1643.54881522571,46
1506.60707882714,1656.47514348085,46
1521.66490413954,1669.40183588191,46
1534.66051286957,1677.67272789615,46
1546.59991242535,1690.07805141359,46
1560.63100912094,1703.52563227074,46
1572.05757818314,1712.30624237147,46
1584.00687503797,1722.64986888987,46
1593.35100600499,1732.99313833646,46
1605.30033570199,1742.81581080124,46
-1111.15386180163,1272.33645595045,47
-1035.35702956643,1193.47327602,47
-1002.15933850219,1164.8054484697,47
-801.684688777915,948.76137651261,47
-739.964226299537,895.417990187494,47
-673.865817478781,835.301986449026,47
-638.573818517705,811.556672486254,47
-531.088540934099,754.132794462422,47
-482.352538527888,732.504501070703,47
-482.352538527888,732.504501070703,48
-335.417064144451,667.288412254142,48
-269.954468327606,604.946839069492,48
-209.924611938205,550.520167270392,48
-209.924611938205,550.520167270392,49
-182.669819863674,525.812119280887,49
-115.103529659007,487.292242984194,49
-47.7597524720594,400.233323626748,49
-47.7597524720594,400.233323626748,50
-14.4022523640231,361.703172645665,50
-14.4022523640231,361.703172645665,51
19.0329655502688,321.532602670096,51
19.0329655502688,321.532602670096,52
81.6907210783392,249.283490659747,52
81.6907210783392,249.283490659747,53
107.561858196744,219.455064403704,53
107.561858196744,219.455064403704,54
117.858048962786,207.417298270846,54
117.858048962786,207.417298270846,55
161.822934967389,156.01858390339,55
161.822934967389,156.01858390339,56
233.810149596938,82.5400852531152,56
233.810149596938,82.5400852531152,57
247.399876025312,68.6735514404655,57
247.399876025312,68.6735514404655,58
275.373786409508,36.6951547475433,58
275.373786409508,36.6951547475433,59
291.065592484622,18.7606813034284,59
319.475709769079,-16.2326007996128,59
319.475709769079,-16.2326007996128,60
350.191382051904,-54.074477449708,60
400.608810314267,-91.1507460371705,60
400.608810314267,-91.1507460371705,61
438.327657060342,-118.882980436811,61
438.327657060342,-118.882980436811,62
479.727550609337,-149.31957020241,62
525.845548326937,-194.719980442396,62
525.845548326937,-194.719980442396,63
546.284343889069,-212.953152327095,63
-275.200359891226,-36.2192899978397,64
-230.469241293498,3.71748404161868,64
-211.890652548175,44.053946622772,64
-200.625456175489,64.7930112912338,64
-175.848547437533,74.314260725513,64
-124.600122976619,65.3461401998548,64
-124.600122976619,65.3461401998548,65
-94.186044056002,74.3132790516586,65
-71.6661352882931,74.8784269874814,65
-29.425585799667,70.9542912431892,65
34.7731361216184,63.6717294873922,65
56.7312497313395,68.7153083517834,65
56.7312497313395,68.7153083517834,66
61.0802372254369,72.395415768288,66
61.0802372254369,72.395415768288,67
94.55475833764,100.184720915868,67
94.55475833764,100.184720915868,68
161.822934967389,156.01858390339,68
161.822934967389,156.01858390339,69
245.944290389783,191.413218768313,69
282.982976565619,196.091789587904,69
282.982976565619,196.091789587904,70
326.830419005761,213.850499867837,70
326.830419005761,213.850499867837,71
352.943094110259,226.72050424108,71
366.822740868529,232.085892756608,71
390.717398343619,241.320165959068,71
390.717398343619,241.320165959068,72
474.992486694284,273.867784827775,72
502.606249749896,284.532367309641,72
502.606249749896,284.532367309641,73
599.007024448005,321.781336502195,73
623.927934548268,332.024860020372,73
623.927934548268,332.024860020372,74
639.599078785886,339.275067427021,74
654.146596213823,347.556098734796,74
670.766810294841,356.336079417271,74
686.360120652273,368.230793660226,74
692.180974867389,372.576312799415,74
692.180974867389,372.576312799415,75
696.742738786435,375.990650670656,75
708.180890350419,386.843186413864,75
725.847293565461,392.009736447022,75
744.026850890638,399.770144018618,75
771.04952758504,405.979341095114,75
796.50309351502,412.177407256196,75
811.573577393433,418.38586067672,75
830.276097838976,425.625469854595,75
830.276097838976,425.625469854595,76
850.53786972612,434.417071896329,76
869.240018310374,445.791301079597,76
869.240018310374,445.791301079597,77
895.738459574878,464.914314725072,77
909.772119520919,475.25737287396,77
924.832429954899,485.600533198045,77
937.819948023658,496.453432126833,77
950.420092685087,506.408460948432,77
962.245478179693,515.066539562546,77
973.150613236792,524.888433855348,77
987.697235634453,537.814346300242,77
999.125577027143,545.053600489463,77
1017.83712355047,555.90710349703,77
1031.33827923747,561.594734739384,77
1043.29963110968,564.987726983074,77
1043.29963110968,564.987726983074,78
1049.52727875896,566.761843161709,78
1065.11138650946,566.253418684806,78
1072.90825933177,566.254160808073,78
1078.64212676184,566.066271830459,78
1078.64212676184,566.066271830459,79
1088.49236991454,565.734684176081,79
1104.59853487672,575.04732046624,79
1116.54952547045,584.869457715367,79
1126.94143601368,591.58776324275,79
1136.81036719171,597.796133891624,79
1146.16589020574,604.636283073984,79
1151.35694193595,608.427747330247,79
1173.57382628417,624.68007109964,79
1178.63892235709,628.715396122416,79
1184.60469134919,633.460232857703,79
623.927934548268,332.024860020372,80
629.207482714085,317.570841325992,80
663.467276232953,296.888957174205,80
663.467276232953,296.888957174205,81
711.287486533825,273.658571772842,81
771.060459972039,246.749119404802,81
854.748220092838,218.21234523373,81
854.748220092838,218.21234523373,82
894.082332530419,220.110873187652,82
1005.57504469271,233.111446755711,82
1013.74013384141,233.965694546776,82
1042.82643702843,237.016621042621,82
1086.46070453093,241.598694809439,82
1100.74716640888,243.096506173265,82
1108.28283464705,242.19939505502,82
1138.41583154165,238.633169357836,82
1148.05335790448,237.492437081856,82
1155.55012950025,238.158281568029,82
1225.62649898394,244.37308305978,82
1298.06614576891,250.477748772249,82
101.408961970267,-590.030308907379,83
100.168947509281,-574.822273119368,83
100.168947509281,-574.822273119368,84
99.8686318423462,-571.120025256995,84
84.1656653131004,-425.690417345612,84
61.2860118028007,-361.787931980907,84
49.3039324624267,-349.029632766775,84
49.3039324624267,-349.029632766775,85
25.2139281247267,-321.240655425726,85
25.2139281247267,-321.240655425726,86
-26.7046180379496,-262.858133763177,86
-26.7046180379496,-262.858133763177,87
-109.385762189258,-173.604531645555,87
-109.385762189258,-173.604531645555,88
-161.332017895412,-117.526970219415,88
-264.497444261356,-44.6438359363988,88
-264.497444261356,-44.6438359363988,89
-275.200359891226,-36.2192899978397,89
-275.200359891226,-36.2192899978397,90
-287.869491932326,-26.2539254291157,90
-287.869491932326,-26.2539254291157,91
-342.100483304247,16.4343556024177,91
-342.100483304247,16.4343556024177,92
-383.245636539244,48.8137763242585,92
-390.054630042362,56.4845483384706,92
-390.054630042362,56.4845483384706,93
-412.980023051741,93.4635676906008,93
-412.980023051741,93.4635676906008,94
-454.336079933344,167.876037986714,94
-533.881720103243,265.834098185515,94
-533.881720103243,265.834098185515,95
-540.477369445861,273.959421925762,95
-540.477369445861,273.959421925762,96
-603.130720728648,351.122483340706,96
-603.130720728648,351.122483340706,97
-640.902459928156,397.635543276945,97
-640.902459928156,397.635543276945,98
-650.539045538878,409.507700924521,98
-669.68658430129,427.510212542603,98
-669.68658430129,427.510212542603,99
-741.308095390903,489.06748435359,99
-741.308095390903,489.06748435359,100
-754.024569569633,500.219437062384,100
-650.065908304111,-117.775347139057,101
-390.054630042362,56.4845483384706,101
-902.211453748534,-306.473033523269,102
-866.731833854915,-323.712359220902,102
-817.895144301542,-347.824996291183,102
-784.721746106378,-381.214134859758,102
-784.721746106378,-381.214134859758,103
-757.359598172691,-408.76120732221,103
-546.866284975349,-644.431666082612,103
137.582064663435,-869.239997840424,104
153.904163884129,-859.66254146802,104
185.628021605544,-838.579031214467,104
198.627487650286,-830.331734665265,104
198.627487650286,-830.331734665265,105
214.445763171688,-820.931614397646,105
214.445763171688,-820.931614397646,106
323.778002473053,-746.739906222081,106
323.778002473053,-746.739906222081,107
413.057984525689,-686.148662193429,107
426.13447829297,-673.877542745865,107
426.13447829297,-673.877542745865,108
426.609106124467,-673.434141493201,108
470.265013166853,-632.485955525072,108
482.159468927288,-616.712091532593,108
482.159468927288,-616.712091532593,109
496.591622314672,-597.579474331924,109
496.591622314672,-597.579474331924,110
504.805335638211,-586.682963929017,110
506.752001819898,-579.355967371153,110
506.752001819898,-579.355967371153,111
509.163540412528,-570.288669889951,111
510.180452072624,-566.442273610772,111
511.168377588588,-564.225312180955,111
518.403465583852,-547.952813170793,111
662.942231164452,-325.433262344942,111
700.086529098427,-281.148085266263,111
712.71688002388,-272.202029239193,111
729.220801134612,-263.875634788691,111
730.709332446719,-263.30148105115,111
732.21006590922,-263.074821813713,111
733.723001522117,-263.195657076378,111
735.248139285408,-263.663986839147,111
755.946754990605,-272.343302571905,111
768.57820812461,-280.301178786567,111
-390.054630042362,56.4845483384706,112
-359.330058263962,74.9947922095421,112
-330.039539420357,78.9067544035798,112
-300.215178564405,70.8657049405589,112
-298.552770148078,70.5972828257729,112
-296.963847575266,70.7082446628458,112
-295.448410845969,71.1985904517779,112
-294.006459960187,72.068320192569,112
-224.732691991032,124.295560618559,112
-210.65898265478,126.534375626557,112
-71.7134821366615,244.494877550591,112
-71.7134821366615,244.494877550591,113
19.0329655502688,321.532602670096,113
-244.352426903659,-1028.9109231035,114
-235.806267264785,-920.005143557651,114
-222.425816912181,-772.159311472961,114
-219.345251844854,-762.371688370422,114
-214.054768881592,-759.186219229337,114
-212.208268842439,-758.316955218188,114
-210.435454377453,-757.977133990703,114
-208.736325486635,-758.166755546881,114
-207.110882169983,-758.885819886722,114
-203.933681110847,-760.853391350068,114
-158.949596036204,-828.270527838351,114
-158.949596036204,-828.270527838351,115
16.3421866642827,-960.122690347832,115
-579.891758212125,-719.062492155037,116
-595.022632149653,-724.792428767711,116
-602.624624611763,-735.260670427579,116
-603.370053937293,-736.516493781545,116
-603.830943351928,-737.839170418332,116
-604.007292855668,-739.228700337938,116
-603.899102448512,-740.685083540364,116
-603.857742261867,-740.93110575548,116
-603.166980813724,-742.253649501304,116
-601.636977381146,-742.995638835991,116
-599.267731964133,-743.15707375954,116
-596.059244562685,-742.737954271951,116
-569.945276372427,-737.631942910288,116
-566.243054571896,-736.543461798536,116
-563.932762185927,-734.997955480586,116
-563.014399214523,-732.99542395644,116
-563.487965657683,-730.535867226096,116
-565.827027958565,-725.159728559212,116
-579.891758212125,-719.062492155037,116
-579.891758212125,-719.062492155037,117
-581.895993583851,-701.604174434269,117
-581.895993583851,-701.604174434269,118
-546.866284975349,-644.431666082612,118
-546.866284975349,-644.431666082612,119
-487.802895997683,-548.031775872356,119
-437.749612673578,-469.809932847534,119
-437.749612673578,-469.809932847534,120
-391.842967709923,-396.453847402752,120
-391.842967709923,-396.453847402752,121
-347.002470166218,-324.793475787098,121
-304.098626314476,-209.880804932835,121
-268.906550981171,-125.627744667308,121
-268.906550981171,-125.627744667308,122
-276.605991504463,-82.9408033029244,122
-278.676941306939,-65.4504262926229,122
-278.71323669531,-63.9731589258908,122
-278.462367458309,-62.5797006846187,122
-277.924333595933,-61.2700515688064,122
-277.099135108185,-60.044211578454,122
-264.497444261356,-44.6438359363988,122
1145.88682648138,776.658185858464,123
1134.8364546362,770.316671051661,123
1125.10297066884,767.090072363525,123
1115.75703862306,762.433606883385,123
1100.9489686302,753.387109851121,123
1080.94021153902,740.205574048465,123
1066.39361560634,730.893117571022,123
1046.91730779814,719.518483473666,123
1040.68024601204,715.726969948545,123
1003.52896348138,693.155339796172,123
994.957755520717,688.49904456252,123
955.99504192875,666.703334242724,123
955.99504192875,666.703334242724,124
923.782651564338,648.68816183723,124
860.916681508069,615.883833619601,124
860.916681508069,615.883833619601,125
801.430472372688,584.842550818416,125
796.578228970773,581.849363646029,125
796.578228970773,581.849363646029,126
730.51578785257,541.153307365108,126
668.684889347183,510.389693537694,126
640.102758716962,508.836184354211,126
640.102758716962,508.836184354211,127
589.183684232827,543.982661324157,127
569.957501596267,550.189044822549,127
557.627693049533,551.751354398438,127
557.627693049533,551.751354398438,128
545.540028197721,553.291520074416,128
512.289333089519,556.393642039561,128
440.585612553946,594.20017011905,128
440.585612553946,594.20017011905,129
416.855593825716,606.713777848882,129
-168.10413801766,-218.019751119417,130
-163.425759014085,-222.930292559388,130
-163.425759014085,-222.930292559388,131
-137.379176807828,-199.154200203367,131
-109.385762189258,-173.604531645555,131
-111.470943388452,-440.587861215391,132
-80.7351917959139,-339.585383616139,132
-26.7046180379496,-262.858133763177,132
-268.906550981171,-125.627744667308,133
-229.678309635827,-158.826959348077,133
-197.201036871919,-187.004600527132,133
-168.10413801766,-218.019751119417,133
-168.10413801766,-218.019751119417,134
-192.89180527306,-252.813873173093,134
-216.430138089029,-289.880303300964,134
-241.863593796158,-326.399001176588,134
-243.661414058381,-329.28153578764,134
-244.605170305207,-331.540019023204,134
-244.694862536635,-333.17445088328,134
-243.930490752665,-334.184831367868,134
-241.547683169328,-335.581540961554,134
-241.547683169328,-335.581540961554,135
-233.953902137789,-350.224439733016,135
-188.525348964463,-374.855243400565,135
-160.164033453572,-400.815782304725,135
-111.470943388452,-440.587861215391,135
-111.470943388452,-440.587861215391,136
-124.344674964575,-483.329882496126,136
-124.344674964575,-483.329882496126,137
-131.47418792061,-507.017556521785,137
-142.63339715712,-537.100979216664,137
-142.63339715712,-537.100979216664,138
-153.046775712747,-565.178090329019,138
-179.869484458807,-608.972877217235,138
-179.869484458807,-608.972877217235,139
-190.050350532449,-625.588497644106,139
438.327657060342,-118.882980436811,140
476.470097934221,-80.9942997939484,140
476.470097934221,-80.9942997939484,141
484.257400516362,-73.2569229442727,141
488.412602973302,-70.086550267896,141
488.412602973302,-70.086550267896,142
503.658010678768,-58.4470573002344,142
503.658010678768,-58.4470573002344,143
551.282755596726,-22.0762791940395,143
565.830659429291,-10.8801189227746,143
565.830659429291,-10.8801189227746,144
596.999106093692,13.1196343841698,144
596.999106093692,13.1196343841698,145
627.140745507168,36.343496175275,145
658.318653094491,59.7115999823887,145
658.318653094491,59.7115999823887,146
696.876799223272,88.6114582011607,146
696.876799223272,88.6114582011607,147
707.153126567133,96.3158923237577,147
713.264659355711,101.182414941483,147
713.264659355711,101.182414941483,148
734.795421676828,118.320583364449,148
734.795421676828,118.320583364449,149
769.595115663649,146.023312210287,149
769.595115663649,146.023312210287,150
790.283079177758,162.496454722855,150
799.203217550002,170.644262252834,150
799.203217550002,170.644262252834,151
812.220203722451,182.538965207521,151
845.431014377933,210.397000993736,151
845.431014377933,210.397000993736,152
854.748220092838,218.21234523373,152
525.845548326937,-194.719980442396,153
563.232048208291,-149.227016508822,153
563.232048208291,-149.227016508822,154
584.026946806022,-123.919837610013,154
584.026946806022,-123.919837610013,155
632.861261256884,-66.0223801260259,155
632.861261256884,-66.0223801260259,156
658.324280132622,-36.2920451510997,156
658.324280132622,-36.2920451510997,157
596.999106093692,13.1196343841698,157
503.658010678768,-58.4470573002344,158
558.561141358084,-105.565052828197,158
584.026946806022,-123.919837610013,158
584.026946806022,-123.919837610013,159
632.390406467421,-163.412738775415,159
635.149711338584,-165.076509035597,159
637.768912006664,-165.446995910368,159
640.248008471659,-164.524199399728,159
642.58700073357,-162.308119503676,159
685.439997743988,-108.240497171702,159
247.399876025312,68.6735514404655,160
234.240571582425,59.1471971903529,160
231.734559831181,57.8153659676776,160
229.32471914355,57.5178239069239,160
227.011049519531,58.2545710080918,160
224.793550959124,60.0256072711815,160
221.311923409145,63.6978418161726,160
218.723893749898,65.7457413877277,160
216.128536769324,66.4377380115385,160
213.525852467422,65.773831687605,160
210.915840844194,63.7540224159272,160
185.037630704181,37.0432753269205,160
183.658158480238,35.2027989763166,160
182.973199470728,33.2459299810849,160
182.982753675653,31.1726683412254,160
183.686821095011,28.983014056738,160
207.572780695626,-22.0878902743899,160
207.572780695626,-22.0878902743899,161
184.452458848929,-41.1205359146715,161
184.452458848929,-41.1205359146715,162
162.358772711859,-59.3106898159256,162
162.358772711859,-59.3106898159256,163
180.549871695544,-97.3083864730791,163
179.252066658358,-105.843541250694,163
190.543150367256,-128.304265813347,163
191.307075301381,-130.466351469662,163
191.377312681467,-132.533427655429,163
190.753862507515,-134.505494370648,163
189.436724779526,-136.382551615319,163
182.097676868132,-144.451856161348,163
180.526236052586,-146.744682066293,163
179.954782206427,-149.068063693043,163
180.383315329657,-151.422001041597,163
181.811835422274,-153.806494111955,163
186.265716453369,-159.348738851874,163
222.124428146296,-182.869583840858,163
222.124428146296,-182.869583840858,164
198.219587313035,-222.929732416743,164
170.159142105605,-261.449134028415,164
170.159142105605,-261.449134028415,165
113.784614541894,-218.541408376363,165
113.784614541894,-218.541408376363,166
99.5204130118545,-234.462198462823,166
97.0132258598146,-236.564348938157,166
94.4544552452013,-237.331650411448,166
91.8441011680147,-236.764102882695,166
89.1821636282547,-234.861706351897,166
84.0779704630431,-229.98142949971,166
82.6314754290744,-228.873483611342,166
81.0632227445938,-228.199306917331,166
79.3732124096012,-227.958899417678,166
77.5614444240968,-228.152261112383,166
56.6649685785915,-232.730114063509,166
25.2139281247267,-321.240655425726,167
48.05417345263,-297.508481340895,167
56.2389318310217,-264.299021042596,167
56.4906591947504,-241.287416528252,167
56.6649685785915,-232.730114063509,167
56.6649685785915,-232.730114063509,168
57.0135823848272,-214.795249322859,168
59.0959838027489,-188.558018568132,168
60.0742518620153,-181.286523430677,168
60.0742518620153,-181.286523430677,169
62.4666445415484,-163.484661207734,169
65.5854816747618,-143.842752059464,169
65.5854816747618,-143.842752059464,170
88.0572474932189,-125.231573267809,170
134.308166500183,-86.7121668186964,170
162.358772711859,-59.3106898159256,170
162.358772711859,-59.3106898159256,171
147.519442680224,-41.7196496055165,171
147.519442680224,-41.7196496055165,172
112.087340175065,0.268370929581622,172
91.3105098177504,32.8347122766183,172
68.9646943907818,61.3995460120039,172
61.0802372254369,72.395415768288,172
222.124428146296,-182.869583840858,173
249.923926969611,-187.258496653646,173
287.594390602039,-218.793248315963,173
330.71881100857,-263.252341757176,173
353.588871942193,-287.815089804644,173
379.830184675582,-321.677644904892,173
403.466333236329,-364.064277411983,173
412.717224478039,-375.458895240068,173
207.572780695626,-22.0878902743899,174
235.362596326459,-45.8748737851005,174
260.827480181501,-53.1125488232824,174
288.88781864009,-42.7699392960466,174
288.88781864009,-42.7699392960466,175
319.475709769079,-16.2326007996128,175
65.5854816747618,-143.842752059464,176
56.3641178870114,-117.727510071159,176
31.9452621365185,-89.2956338278876,176
-0.00925367998321391,-58.8019721341695,176
-24.3213022621916,-35.1806836158191,176
-24.3213022621916,-35.1806836158191,177
-33.5230469142586,-26.2243106624681,177
-54.0476658314234,6.59724324555967,177
-87.0478107985311,31.1498205060096,177
-124.600122976619,65.3461401998548,177
-24.3213022621916,-35.1806836158191,178
0.504107119196216,-8.38925397128783,178
12.5922783256922,10.9977029958731,178
12.5922783256922,10.9977029958731,179
25.9686435075261,32.4464104267922,179
56.7312497313395,68.7153083517834,179
-309.651799229566,1438.76520596135,180
-312.770802960724,1420.93015100908,180
-328.354561468349,1390.69177411639,180
-331.996903793669,1362.27093696552,180
-411.493393759228,1278.27438769955,180
-461.24196736194,1221.97557248651,180
-462.521019632177,1220.09866968522,180
-463.117950082218,1218.13481827675,180
-463.032758712063,1216.08401826112,180
-462.265445521714,1213.94626963833,180
-432.537646158975,1155.44349742936,180
-431.480956282665,1152.33418457001,180
-431.694539508209,1149.66509987363,180
-433.178395835607,1147.43624334021,180
-435.932525264859,1145.64761496974,180
-503.972589319229,1114.15943631497,180
-516.83772311826,1109.3163350553,180
-519.49381124867,1107.8633636984,180
-521.101980802326,1105.89871802791,180
-521.66223177923,1103.42239804381,180
-521.174564179381,1100.43440374612,180
-520.17611583373,1097.23282993763,180
-519.746682816103,1094.72640758608,180
-520.113887481735,1092.51559476256,180
-521.277729830624,1090.60039146706,180
-523.238209862771,1088.98079769959,180
-600.623970735375,1040.69541264931,180
-482.352538527888,732.504501070703,181
-490.479516149862,711.466272240541,181
-483.206843726647,686.137636354092,181
-484.25382818407,663.913050712644,181
-494.648478079922,615.318608395551,181
-508.674247653781,589.990919325948,181
-533.615606490906,566.725498034771,181
-537.771066533001,559.232504147549,181
-524.785804866059,493.322860360039,181
-518.03583222367,473.680636449895,181
-499.847263676443,449.903347468887,181
-496.728972460152,438.785356067689,181
-495.954699927938,425.605734037997,181
-502.706218136881,412.160416518285,181
-502.706471791236,406.474017365603,181
-492.83799641656,378.041587985542,181
-495.172732634798,367.189870084138,181
-509.4604479669,339.268410408807,181
-540.477369445861,273.959421925762,181
-1063.37471098675,690.666811289477,182
-986.186473513099,525.820677257267,182
-986.186473513099,525.820677257267,183
-981.509205884216,515.833043842182,183
86.348844028488,-911.782530505792,184
89.4776043742627,-900.975043104136,184
89.4776043742627,-900.975043104136,185
117.162295356474,-877.442230187275,185
121.327513901993,-867.621249978346,185
120.019656068137,-854.441700735524,185
93.3605632347981,-725.683482788103,185
93.3605632347981,-725.683482788103,186
82.2158837089858,-670.949789043016,186
82.0288446196896,-667.787626508929,186
82.896790046118,-665.319544386351,186
84.8197199882711,-663.545542675283,186
87.7976344461488,-662.465621375723,186
94.6968397957382,-661.02319327165,186
97.9076656186039,-660.817551571993,186
100.401181492729,-661.693180805874,186
102.177387418115,-663.650080973292,186
103.23628339476,-666.688252074249,186
139.770994140592,-853.410626717093,186
141.587293256215,-855.477885568789,186
142.59321624743,-856.309566639594,186
143.794686105451,-856.737351000311,186
145.191702830278,-856.761238650942,186
146.784266421912,-856.381229591485,186
150.164940471986,-855.217314762485,186
184.717339055901,-833.247188118678,186
198.627487650286,-830.331734665265,186
306.567155027884,-478.582231388305,187
282.361066102234,-492.261290713769,187
219.777576652454,-532.133993547217,187
175.878705231023,-555.102080085097,187
155.876148242439,-562.850552448466,187
140.803987299358,-568.80322540136,187
103.791819571454,-579.101261356868,187
306.567155027884,-478.582231388305,188
284.560059205192,-500.197733450648,188
208.357444393965,-548.89396759756,188
176.140323786405,-564.401839855202,188
136.64850881135,-578.878847946321,188
101.408961970267,-590.030308907379,188
101.408961970267,-590.030308907379,189
42.6213162553304,-602.644942559162,189
-71.6802483408221,-618.728530219531,189
-121.110919333013,-624.170647749011,189
-130.138830076703,-625.168176044965,189
-155.876048282724,-622.130694400288,189
103.791819571454,-579.101261356868,190
67.7869809447712,-589.110996332463,190
92.984323639753,-903.20371153349,191
126.645739777777,-874.660573064377,191
126.645739777777,-874.660573064377,192
127.391616546057,-874.028742080951,192
128.999549464903,-867.377968525269,192
127.497952995803,-854.896735732733,192
102.340243681083,-732.31253337684,192
87.3253615492533,-665.195466965208,192
80.2732279860115,-627.541160101736,192
77.8321280188653,-616.390069703926,192
74.7807852331282,-606.225509973224,192
63.9220795507698,-596.626309338886,192
52.3175522206718,-592.259026646377,192
126.645739777777,-874.660573064377,193
137.582064663435,-869.239997840424,193
326.830419005761,213.850499867837,194
267.318885864018,281.365193069467,194
220.293444346864,325.824485613703,194
220.293444346864,325.824485613703,195
174.827672362719,377.001267515334,195
135.386940815591,416.905272376333,195
-646.067557985099,1193.76528442651,196
-629.963118159262,1162.7496343014,196
-600.623970735375,1040.69541264931,196
-600.623970735375,1040.69541264931,197
-593.855703293309,1009.49188552746,197
502.582250401554,387.94056414873,198
527.920910862325,370.017933501156,198
572.523952128081,364.633004611691,198
608.119593170686,353.882816868077,198
621.176664143932,341.335768333631,198
623.927934548268,332.024860020372,198
502.582250401554,387.94056414873,199
499.824334090936,331.519844646069,199
502.606249749896,284.532367309641,199
502.606249749896,284.532367309641,200
510.220253439668,263.283541499391,200
563.748675207077,171.782773807986,200
563.748675207077,171.782773807986,201
591.798854829094,175.142848669905,201
612.584712001503,176.440860597991,201
623.238634716271,186.51734256426,201
623.238634716271,186.51734256426,202
713.264659355711,101.182414941483,202
287.991557532074,535.446842727975,203
346.029392713305,476.32323126933,203
346.029392713305,476.32323126933,204
363.493166652822,458.533002856211,204
378.244525200861,455.130518376202,204
378.244525200861,455.130518376202,205
456.176012720587,437.176364803288,205
456.176012720587,437.176364803288,206
470.481881897701,433.884829455376,206
489.069318533742,419.309377690158,206
489.069318533742,419.309377690158,207
502.582250401554,387.94056414873,207
640.102758716962,508.836184354211,208
609.187804917443,481.178391515011,208
575.937912807857,464.117440553953,208
549.700071052645,452.488382402213,208
531.520684581524,440.083842362049,208
505.021576366147,420.695658342034,208
505.021576366147,420.695658342034,209
489.069318533742,419.309377690158,209
67.7869809447712,-589.110996332463,210
76.0980789074712,-593.43393348042,210
82.1909741051769,-599.785360982912,210
85.3101010625109,-606.58019172389,210
85.3101010625109,-606.58019172389,211
96.4114103485821,-664.186713821139,211
106.863773175657,-716.306349201508,211
131.246462784268,-831.386264837543,211
136.923232931605,-858.244126887113,211
137.582064663435,-869.239997840424,211
137.582064663435,-869.239997840424,212
134.821418197523,-876.079283842895,212
97.2078139098423,-906.894842889052,212
103.791819571454,-579.101261356868,213
92.3714618249385,-588.656319198837,213
87.2086160921709,-599.818568348142,213
85.3101010625109,-606.58019172389,213
214.445763171688,-820.931614397646,214
199.557560198164,-839.842179711212,214
157.052474707792,-872.520190724129,214
97.0334418873483,-914.47599555863,214
72.2061335206687,-921.548142826465,214
546.284343889069,-212.953152327095,215
568.379347693736,-227.11815920167,215
568.379347693736,-227.11815920167,216
571.597381465791,-235.521228203674,216
572.446431568055,-238.660406710041,216
572.340968994185,-241.151324719602,216
571.280993744181,-242.993982232357,216
569.266505818044,-244.188379248307,216
564.283017289636,-245.928912783402,216
550.916356731248,-253.444929145157,216
426.85004170344,-385.778128183361,216
398.014755475403,-415.508052443004,216
336.178255089036,-465.390716043273,216
306.567155027884,-478.582231388305,216
768.57820812461,-280.301178786567,217
790.247391629498,-293.955886075998,217
832.375655389676,-328.403737771055,217
913.378255118247,-396.357037649637,217
936.336725315751,-417.160913309346,217
976.625655646223,-453.670104086117,217
-295.169144374987,-624.887898525153,218
-293.057729378087,-634.864077233046,218
-297.475072845582,-644.585139028425,218
306.567155027884,-478.582231388305,219
320.563517434962,-459.205961297513,219
371.745285204215,-417.637176905737,219
412.717224478039,-375.458895240068,219
412.717224478039,-375.458895240068,220
492.606714464332,-291.589697252681,220
532.744739857553,-249.710295318127,220
548.397146858761,-237.638426261037,220
548.397146858761,-237.638426261037,221
555.274144686577,-232.794123613097,221
568.379347693736,-227.11815920167,221
-155.876048282724,-622.130694400288,222
-131.378571655215,-613.174638847539,222
-15.594928497251,-596.71477326983,222
59.223993686241,-584.765437518422,222
100.168947509281,-574.822273119368,222
100.168947509281,-574.822273119368,223
111.211570610369,-571.441373773691,223
179.336585134696,-545.979212521075,223
214.779157060743,-525.405614466068,223
295.902364313529,-478.9704612489,223
306.567155027884,-478.582231388305,223
548.397146858761,-237.638426261037,224
546.284343889069,-212.953152327095,224
67.7869809447712,-589.110996332463,225
52.3175522206718,-592.259026646377,225
-179.869484458807,-608.972877217235,226
-212.512752878913,-584.009828191556,226
-243.712601028234,-559.844804801378,226
-241.547683169328,-335.581540961554,227
-283.781882822739,-406.145024732387,227
-281.854498801396,-414.458511954164,227
-277.486086936448,-420.754664895975,227
-176.681131079317,-515.385796854969,227
-142.63339715712,-537.100979216664,227
-124.344674964575,-483.329882496126,228
-186.036849675134,-429.036736602147,228
-202.145059631657,-412.487173204382,228
-163.425759014085,-222.930292559388,229
-116.399536931488,-267.202720526549,229
106.452830855707,-291.866025061295,230
77.8396960627886,-318.569028711478,230
49.3039324624267,-349.029632766775,230
49.3039324624267,-349.029632766775,231
-29.5988593162479,-409.691573390675,231
-31.9547842137008,-411.038513533925,231
-34.2738718566909,-411.428454630556,231
-36.5561222452183,-410.861396680566,231
-38.8015353792829,-409.337339683957,231
-58.6072185944578,-391.52768639011,231
-60.4186083264101,-389.38035662882,231
-61.2180611309789,-387.105993937144,231
-61.0055770081642,-384.704598315082,231
-59.7811559579661,-382.176169762634,231
-49.1965935359319,-366.321586957154,231
-391.842967709923,-396.453847402752,232
-479.095667560151,-343.200115676725,232
93.3605632347981,-725.683482788103,233
2.06370813742599,-806.623470057392,233
2.06370813742599,-806.623470057392,234
89.4776043742627,-900.975043104136,234
2.06370813742599,-806.623470057392,235
-50.5645691351683,-854.841272938829,235
-158.949596036204,-828.270527838351,236
-174.671535560039,-849.475092804724,236
-188.922066340239,-925.681333420195,236
-588.762835007701,-867.495629322604,237
-576.299221238567,-931.60947176024,237
-575.616353186451,-932.679168430092,237
-575.021613166481,-933.094776819933,237
-573.92026115869,-933.271905319603,237
-572.312297163075,-933.210553929103,237
-570.197721179639,-932.910722648433,237
-488.400188972727,-918.434075411083,237
-450.650311536351,-911.585384629347,237
-360.571885525811,-893.321253779057,237
-360.571885525811,-893.321253779057,238
-309.899872136599,-883.036278032589,238
-309.899872136599,-883.036278032589,239
-302.299739395029,-913.588441341616,239
-301.18998296176,-916.337917258646,239
-299.462056865637,-918.149023355446,239
-297.11596110666,-919.021759632015,239
-294.151695684829,-918.956126088354,239
-273.633262818414,-915.603708629021,239
-309.899872136599,-883.036278032589,240
-325.300021977109,-818.379497926225,240
-360.571885525811,-893.321253779057,241
-353.171992946245,-919.857967056691,241
-607.648708454196,-984.248473756468,242
-629.040940142997,-875.008789731943,242
-653.439157826055,-992.91404184867,243
-675.547868498895,-885.070885627388,243
-970.684934689889,-653.913606896211,244
-956.118073454331,-675.042067844825,244
-956.118073454331,-675.042067844825,245
-893.268798485956,-766.184660427346,245
-970.684934689889,-653.913606896211,246
-1013.97556816839,-577.009122525668,246
-1015.08656719872,-574.160577669523,246
-1015.04762413916,-571.605091495051,246
-1013.85873898972,-569.342664002253,246
-1011.51991175041,-567.373295191129,246
-941.575441665659,-523.616820527915,246
-941.575441665659,-523.616820527915,247
-906.760463545094,-502.425961584414,247
-874.541345447731,-478.120024235284,247
-874.541345447731,-478.120024235284,248
-784.721746106378,-381.214134859758,248
-956.118073454331,-675.042067844825,249
-906.492132984709,-658.297380471778,249
-869.324608526902,-650.192939307638,249
-867.736300041472,-649.764486037322,249
-866.507679511561,-649.25022345796,249
-865.638746937169,-648.650151569552,249
-865.129502318296,-647.964270372098,249
-864.923129320972,-647.142307639119,249
-864.962811611228,-646.133991144135,249
-865.248549189064,-644.939320887147,249
-865.78034205448,-643.558296868155,249
-880.005271549636,-611.533637332749,249
-880.005271549636,-611.533637332749,250
-892.372599175758,-581.005722434811,250
-941.575441665659,-523.616820527915,250
-941.575441665659,-523.616820527915,251
-982.098001126322,-457.94827646757,251
-874.541345447731,-478.120024235284,252
-839.720696716652,-507.075614013959,252
-907.488984048471,-767.447162627324,253
-961.526616973312,-714.835250595966,253
-961.852016252088,-781.874761406153,254
-976.909885863499,-724.621607574123,254
-1027.70773338539,217.805625035865,255
-1000.20229383745,190.923000859817,255
-910.07102888587,97.3134100732411,255
-907.591216063492,95.3780310573968,255
-905.079469320432,94.6897541226755,255
-902.53578865669,95.2485792690773,255
-899.960174072266,97.0545064966019,255
-810.321009767069,181.08674622634,255
-934.772697092051,-140.478668706101,256
-978.033206127212,-175.573210859931,256
-980.304859510413,-176.955097972259,256
-982.575707518844,-177.414405666009,256
-984.845750152506,-176.951133941179,256
-987.114987411398,-175.56528279777,256
-999.72064889717,-165.302554700237,256
-1027.68908609882,-129.781392164906,256
-1028.84584270103,-128.580189908289,256
-1030.15432952365,-127.722143935665,256
-1031.61454656669,-127.207254247035,256
-1033.22649383015,-127.035520842398,256
-1036.60211857749,-127.035210317117,256
-1081.28857887424,-170.981392370005,256
-1099.88314244987,-189.065937006574,256
-1101.71077717226,-191.424392399162,256
-1102.40354023458,-193.841003329775,256
-1101.96143163682,-196.315769798413,256
-1100.38445137899,-198.848691805077,256
-1094.2811878284,-206.140448258462,256
-1054.27883598326,-224.755297400115,256
-982.585142187782,-268.701102665407,256
-859.961284627718,-199.687433398343,257
-932.193871278207,-229.410535548791,257
-934.772697092051,-140.478668706101,258
-946.200108415103,-113.597582917758,258
-968.019422617429,-72.2280346004465,258
-968.019422617429,-72.2280346004465,259
-1009.57581522812,2.23081919534128,259
-1009.57581522812,2.23081919534128,260
-1053.72677088512,84.4492921268589,260
-929.56450824995,-59.3066508777595,261
-938.395980973394,-32.4147000046381,261
-968.524403660778,24.9838703684057,261
-968.524403660778,24.9838703684057,262
-1001.77117141565,84.9655137999092,262
-1049.28257930588,170.254711216369,262
-828.254619588061,-18.46786229644,263
-861.503414735119,26.5269945224871,263
-909.448087181838,72.3758867948814,263
-911.965728542253,74.1802975984883,263
-914.475225099459,74.7705631720598,263
-916.976576853455,74.1466835155959,263
-919.469783804242,72.3086586290967,263
-955.021032715057,37.3863721194355,263
-968.524403660778,24.9838703684057,263
-929.56450824995,-59.3066508777595,264
-843.840617909527,-33.4641534479903,264
-843.840617909527,-33.4641534479903,265
-828.254619588061,-18.46786229644,265
-828.254619588061,-18.46786229644,266
-805.660461931479,4.02027293356337,266
-803.179721686365,5.87441151445178,266
-800.68276794363,6.51476578580365,266
-798.169600703275,5.94133574761901,266
-795.6402199653,4.15412139989783,266
-780.97634634673,-9.68116857285424,266
-929.56450824995,-59.3066508777595,267
-968.019422617429,-72.2280346004465,267
-929.56450824995,-59.3066508777595,268
-917.822210479081,-90.9134881506387,268
-916.429308404672,-93.4930592350865,268
-914.530694714007,-95.0944290953405,268
-912.126369407084,-95.7175977314009,268
-909.216332483905,-95.3625651432676,268
-830.341250991999,-74.3118749636353,268
-830.341250991999,-74.3118749636353,269
-814.232202619955,-59.8365795835541,269
-843.840617909527,-33.4641534479903,270
-830.341250991999,-74.3118749636353,270
-1009.57581522812,2.23081919534128,271
-1040.22427361318,-17.4082794880202,271
-1044.90355511843,-27.2398772190738,271
-1095.83078225715,-104.79390147961,271
-934.772697092051,-140.478668706101,272
-902.397348070091,-124.379563478598,272
-899.530353735525,-123.42628288003,272
-896.999939788207,-123.58511834903,272
-894.806106228137,-124.856069885598,272
-892.948853055314,-127.239137489735,272
-888.00752119659,-135.83802055012,272
-888.00752119659,-135.83802055012,273
-874.50742624957,-166.853759448988,273
-874.50742624957,-166.853759448988,274
-859.961284627718,-199.687433398343,274
-859.961284627718,-199.687433398343,275
-845.937414786883,-223.221078614214,275
-827.235018885131,-246.688543581182,275
-888.00752119659,-135.83802055012,276
-865.157387270148,-129.632433938961,276
-825.142583261913,-112.05528619216,276
-874.50742624957,-166.853759448988,277
-836.061866154022,-152.380214081961,277
-1003.89389082626,284.998285892175,278
-1105.13822448407,298.442321491157,278
-1151.37260895772,352.717148384879,278
-1153.45456498929,357.372892547109,278
-1161.76401752297,366.163834119046,278
-1167.72689497944,371.440335221279,278
-1169.46740822518,372.641056959242,278
-1171.30595939652,373.249643481114,278
-1173.24254849346,373.266094786896,278
-1175.27717551598,372.690410876588,278
-1180.98975449158,370.300393843579,278
-742.893801995728,91.1527793108916,279
-739.919972333601,94.7661601795464,279
-729.525960589501,109.75184957363,279
-721.727807733526,124.737715394531,279
-682.231711164346,232.244722505898,279
-672.359483819993,271.52793164547,279
-676.513326399107,294.273770849785,279
-692.104806180487,337.172106931583,279
-727.947258554879,406.951909322892,279
-754.024569569633,500.219437062384,279
-754.024569569633,500.219437062384,280
-771.079829486048,516.315432475006,280
-809.789193705275,571.464038389646,280
-830.020434481031,596.860333745393,280
-830.020434481031,596.860333745393,281
-854.659889495488,603.867649016159,281
-889.848161148142,594.237864341053,281
-954.968684734172,539.086244682331,281
-986.186473513099,525.820677257267,281
-741.308095390903,489.06748435359,282
-697.283693843995,541.328548593359,282
-640.902459928156,397.635543276945,283
-597.528071783431,431.751542653073,283
-594.413924121984,435.625444730291,283
-593.315891126304,437.605276736033,283
-593.135939800709,439.670870676044,283
-593.8740701452,441.822226550322,283
-595.530282159778,444.059344358867,283
-614.102366086916,464.077910282697,283
-615.233431258212,465.085451782021,283
-616.49010221942,465.80514906011,283
-617.872378970538,466.237002116965,283
-619.380261511568,466.381010952585,283
-624.02614723577,466.381267474001,283
-669.68658430129,427.510212542603,283
-664.556839436089,365.602432995919,284
-652.092056113774,352.677062802834,284
-628.711575632285,336.647403384506,284
-620.575318492395,336.283967658518,284
-618.993227275864,336.369396088362,284
-617.539858680325,336.772771043123,284
-616.215212705777,337.494092522802,284
-615.019289352221,338.533360527397,284
-603.130720728648,351.122483340706,284
-412.980023051741,93.4635676906008,285
-481.158871924474,108.707596418874,285
-507.136335806687,114.395135440497,285
-545.588839182484,128.862331320217,285
-555.458881757904,127.322056668578,285
-567.924993939032,121.115308008895,285
-589.233710211736,127.833669061393,285
-635.472548396276,159.881749291675,285
-635.472548396276,159.881749291675,286
-632.87561852361,179.523502700866,286
-612.088459088206,202.267937554067,286
-533.881720103243,265.834098185515,286
-635.472548396276,159.881749291675,287
-639.637694153195,156.268408234111,287
-656.783447304752,127.327524704459,287
-671.847611716392,84.9409330333067,287
-677.05028807403,63.2154446073501,287
-684.308276328432,10.9963729244773,287
-553.380455951237,45.1186165220177,288
-561.177949304121,39.9424990439485,288
-568.452430851959,34.2564693163604,288
-584.038035710309,18.7499253680482,288
-593.395121740958,11.5121776576066,288
-611.063124695073,-0.901617184043213,288
-625.612083095066,-10.2007881275808,288
-630.290418347279,-9.69063538358932,288
-637.564556144405,-8.13838208445477,288
-679.475434251554,2.9043279021211,288
-398.021924150016,-96.0502266637153,289
-340.542320902755,-26.0640138791947,289
-340.542320902755,-26.0640138791947,290
-352.813923975444,-5.55714194816388,290
-351.254195098422,3.23288992142183,290
-342.100483304247,16.4343556024177,290
-398.021924150016,-96.0502266637153,291
-436.477015916826,-126.032612597636,291
-462.97926978565,-148.788212786462,291
-486.885215343506,-159.639014388542,291
-492.077190260134,-163.773339709573,291
-492.077190260134,-163.773339709573,292
-587.690370841958,-179.797058922291,292
-641.284144105934,-180.315102520262,292
-398.021924150016,-96.0502266637153,293
-438.033865272077,-58.8155997905673,293
-442.189139147057,-57.2635943324264,293
-459.856829033845,-63.4702553986959,293
-492.077190260134,-163.773339709573,294
-487.922041323608,-168.950023868809,294
-460.90789241998,-184.458504163394,294
-287.869491932326,-26.2539254291157,295
-316.433759748306,-28.2040449758064,295
-340.542320902755,-26.0640138791947,295
-968.796267342723,1027.80757078418,296
-958.125719661895,999.507741127658,296
-958.125719661895,999.507741127658,297
-922.21125348148,904.188254203559,297
-891.051187282148,814.766247850395,297
-870.242436993609,749.564971113541,297
-856.250354662548,705.71318315488,297
-845.347112903058,671.084020487716,297
-771.5999029357,700.186817607358,298
-793.42196714734,689.347597699189,298
-799.659507582415,687.796195877742,298
-799.659507582415,687.796195877742,299
-845.347112903058,671.084020487716,299
-799.659507582415,687.796195877742,300
-816.277263784674,721.893626261148,300
-799.659507582415,687.796195877742,301
-783.03182116654,655.760526739642,301
-783.03182116654,655.760526739642,302
-769.532104549107,628.890521346753,302
-765.338648445149,623.514203538728,302
-833.920801336291,635.933839098309,303
-783.03182116654,655.760526739642,303
-783.03182116654,655.760526739642,304
-749.267240812107,670.744604112328,304
-830.020434481031,596.860333745393,305
-820.596171634794,600.173936655916,305
-820.596171634794,600.173936655916,306
-792.362160880801,610.081541856214,306
-765.338648445149,623.514203538728,306
-765.338648445149,623.514203538728,307
-740.39775171744,634.375440224279,307
-845.347112903058,671.084020487716,308
-833.920801336291,635.933839098309,308
-833.920801336291,635.933839098309,309
-820.596171634794,600.173936655916,309
-970.684934689889,-653.913606896211,310
-880.005271549636,-611.533637332749,310
-286.820395967034,470.502149065279,311
-209.924611938205,550.520167270392,311
-444.815248831351,402.104242805674,312
-376.858285906042,464.851664261272,312
-333.688088534916,508.01372500238,312
-329.402133778208,510.563057022749,312
-327.279959429296,511.403485480759,312
-325.199391139266,511.375438834419,312
-323.160428908119,510.478917083729,312
-321.163072735855,508.713920228688,312
-286.820395967034,470.502149065279,312
-286.820395967034,470.502149065279,313
-338.262412705572,417.785233414841,313
-358.002315418008,402.799469733053,313
-399.57478159787,361.965216886123,313
-412.931791215418,351.512925526732,313
-380.873384869474,310.27709509163,314
-412.931791215418,351.512925526732,314
-412.931791215418,351.512925526732,315
-444.815248831351,402.104242805674,315
-444.815248831351,402.104242805674,316
-483.740324826081,442.597886489925,316
-395.425990027908,180.543500137688,317
-363.105214916194,148.47467941485,317
-348.537909852625,138.365068831803,317
-333.592916682995,125.240456751076,317
-321.717208471245,117.543230706127,317
-319.535446418501,116.501473488915,317
-317.39621364542,116.231980058406,317
-315.299510152,116.7347504146,317
-313.245335938242,118.009784557498,317
-285.298439422122,140.846233313789,317
-257.867362721482,164.444669440004,317
-216.682193891898,201.211397290829,317
-105.342169415836,300.804886393813,317
-64.7004197554375,334.512834890955,317
-14.4022523640231,361.703172645665,317
-14.4022523640231,361.703172645665,318
26.1227838155771,391.842212469296,318
78.6191524555328,415.064688374225,318
-143.938259901938,438.453836361209,319
-136.664399644346,432.25745539822,319
-100.808403763071,391.942395871945,319
-86.086144413951,389.991384306944,319
-76.390747529948,390.390359670296,319
-58.5012290462922,393.383093435926,319
-47.7597524720594,400.233323626748,319
107.561858196744,219.455064403704,320
135.020999322113,241.025982023322,320
147.728671575815,252.110736820122,320
220.293444346864,325.824485613703,320
-1020.91078907083,1148.77850810442,321
-968.796267342723,1027.80757078418,321
-968.796267342723,1027.80757078418,322
-1126.30275670451,963.553716272135,322
-958.125719661895,999.507741127658,323
-1131.66403799653,910.392488694076,323
1043.29963110968,564.987726983074,324
1034.46486596466,581.669232436108,324
999.129062042077,614.742480200143,324
980.424527628478,635.424696427298,324
980.424527628478,635.424696427298,325
964.3157275814,656.60597399322,325
955.99504192875,666.703334242724,325
980.424527628478,635.424696427298,326
883.051514322119,572.212227870313,326
1078.64212676184,566.066271830459,327
1075.52435748418,555.834887405114,327
1052.49418701898,533.386391912542,327
1052.49418701898,533.386391912542,328
1050.5959856107,531.535086128184,328
999.169109602234,491.215707258621,328
941.001384298472,442.105913179935,328
913.467061985357,417.285225929564,328
891.655556315721,409.014363497124,328
1027.23890476892,269.980770084516,329
1023.083408751,273.084077461461,329
970.10011280105,295.303990017082,329
956.587422645194,307.196602194591,329
927.49688539378,357.329790659752,329
927.49688539378,357.329790659752,330
906.718893480503,383.177373593729,330
906.718893480503,383.177373593729,331
891.655556315721,409.014363497124,331
891.655556315721,409.014363497124,332
869.240018310374,445.791301079597,332
927.49688539378,357.329790659752,333
980.482856197253,411.094586449605,333
1066.54753172863,508.324422774659,333
1067.54927982683,509.6845580771,333
1068.17898697904,511.081248672482,333
1068.43665318524,512.514494560805,333
1068.32227844544,513.98429574207,333
1067.72148801983,516.960453397542,333
1052.49418701898,533.386391912542,333
858.404852012339,405.398194233295,334
844.902565237782,411.083568791502,334
830.276097838976,425.625469854595,334
752.439757058229,314.419311265076,335
800.751437704932,327.85718210131,335
843.349108360664,331.994854260946,335
891.13535857099,373.355173523884,335
895.813438855702,374.907389221687,335
906.718893480503,383.177373593729,335
752.439757058229,314.419311265076,336
719.711958620045,307.699901308071,336
663.467276232953,296.888957174205,336
752.439757058229,314.419311265076,337
793.480753450565,280.824726386808,337
812.727165034983,270.849966819826,337
826.491596712978,258.702254991543,337
692.180974867389,372.576312799415,338
585.684168567655,416.232482259124,338
505.021576366147,420.695658342034,338
888.422291498709,1121.28850232058,339
934.662639874597,1075.78994137055,339
951.28392042929,1056.67038972105,339
957.008143175366,1053.04620957826,339
1046.89469154618,962.08286546958,339
1091.40156926991,927.979771883409,339
717.901591179922,1051.50978866195,340
708.13851783431,1058.71416331329,340
708.13851783431,1058.71416331329,341
744.499571530163,1158.47798423325,341
760.601145495061,1227.21472329138,341
792.285897338063,1291.3081285097,341
816.184022792045,1350.23563113055,341
822.41941924102,1372.98170870683,341
825.535359512598,1408.13124155922,341
829.689006338053,1423.62783557199,341
854.622450881558,1488.76289033489,341
859.812136860193,1506.33239877475,341
468.10342248909,1029.75968513429,342
473.30513614617,1011.14884902475,342
482.651794257499,1000.29741737617,342
503.959774821503,987.373702728569,342
529.412998703281,976.002068169446,342
576.173556231005,968.256230414838,342
585.529387817844,969.808559082867,342
600.076045800803,979.630287573868,342
605.789979379431,985.826888992684,342
658.261908476861,1027.69639951488,342
708.13851783431,1058.71416331329,342
637.482078035094,948.096645712019,343
665.028822801005,915.021781541384,343
570.094778495472,898.65568475656,344
545.010214635839,892.790683637758,344
500.323163031294,874.698529653911,344
496.916766807988,873.915305737271,344
495.284720767419,873.710986018365,344
493.732765586554,873.866946238365,344
492.260901265394,874.383186397271,344
490.869127803937,875.259706495084,344
486.298683521361,878.832471023262,344
477.46519619321,890.725872502409,344
467.594995547695,912.429113078894,344
440.57182835145,945.504481897386,344
384.817141824302,995.712404167462,344
382.546757070788,997.254002292108,344
380.244251187216,997.81869192232,344
377.909624173585,997.406473058097,344
375.542876029896,996.017345699438,344
327.835381985882,958.425275067948,344
327.835381985882,958.425275067948,345
313.288515880198,946.542162892898,345
311.467764320335,943.953857071417,345
310.912685778989,942.554780913148,345
311.068201714816,940.945858259821,345
311.934312127815,939.127089111436,345
313.511017017987,937.098473467994,345
431.308383762978,807.013076840576,345
431.308383762978,807.013076840576,346
436.945499152262,800.783747756887,346
483.708303636791,756.336407212952,346
507.445098343864,733.193736497772,346
508.620710912799,732.247257390134,346
509.906971081504,731.592316702758,346
511.303878849979,731.228914435643,346
512.811434218225,731.157050588791,346
531.506865497597,732.041119343767,346
531.506865497597,732.041119343767,347
575.849967997544,703.897276715343,347
578.072482984839,702.864251917722,347
580.237988265568,702.622548551019,347
582.346483839733,703.172166615233,347
584.397969707332,704.513106110365,347
591.780310044949,710.850374574196,347
601.126751611508,710.850870941147,347
663.485133464747,650.387881339452,347
681.980320062986,639.767423413453,347
683.403414889107,639.125416363582,347
684.859075290192,638.815057536357,347
686.34730126624,638.836346931778,347
687.868092817253,639.189284549844,347
692.67777245168,640.812548735888,347
714.796524783393,660.905359939154,347
717.291071367006,662.601148155644,347
719.765979708113,663.138550263179,347
722.221249806714,662.517566261759,347
724.656881662808,660.738196151385,347
734.237525287111,651.423151826939,347
796.578228970773,581.849363646029,347
327.835381985882,958.425275067948,348
450.147863685823,832.326293969112,348
452.166132003695,829.540715106755,348
452.731618326277,826.843233214545,348
451.844322653569,824.23384829248,348
449.50424498557,821.712560340561,348
431.308383762978,807.013076840576,348
860.916681508069,615.883833619601,349
761.157982516672,727.919778917599,349
731.015114040853,756.34978132557,349
714.907055892107,775.990660274813,349
661.392463954342,825.092173192936,349
649.963292199924,833.360620198085,349
644.24856444587,840.077560750271,349
639.047400503753,842.659976267779,349
633.855778471595,847.82510743077,349
627.617945230744,856.614848001381,349
613.069825278561,871.09053734928,349
603.200289129672,875.22456029907,349
573.098698382647,869.536581956976,349
639.187373373276,595.595291992551,350
612.791235014683,621.417530618377,350
610.389351669807,623.184981683724,350
607.957253418896,623.817568735288,350
605.49494026195,623.315291773069,350
603.002412198968,621.678150797068,350
585.674248134761,606.444197499094,350
557.627693049533,551.751354398438,350
422.918625510535,609.49623918602,351
401.095081389391,667.434646516822,351
388.628988348693,693.272413944798,351
357.972983566499,742.376181370687,351
349.652883174227,753.227744948523,351
346.029392713305,476.32323126933,352
357.458099625521,487.042395817821,352
371.482422598726,500.998360505331,352
376.160365605483,507.205891479623,352
376.160262012495,510.298494534248,352
369.92244303725,519.088374245194,352
351.741994325736,537.698831983827,352
328.883326688871,561.474605026825,352
328.883326688871,561.474605026825,353
316.140629700256,572.452232814828,353
314.91746686451,573.760898543081,353
314.099408658586,575.230434545471,353
313.686455082483,576.860840821996,353
313.678606136201,578.652117372657,353
316.407101624622,604.881539757836,353
326.799246617483,619.358325346638,353
208.862994182477,392.974753037578,354
229.639234948922,373.333252926906,354
265.495805468022,372.292091201984,354
279.520656161777,375.396118578268,354
296.673835912227,384.186643871411,354
378.244525200861,455.130518376202,354
378.244525200861,455.130518376202,355
386.031154430308,473.608808360735,355
402.659909485691,514.954944840295,355
403.695711279274,530.462336000728,355
407.850358810378,543.38712876559,355
428.12124529063,570.256952348155,355
428.12124529063,570.256952348155,356
440.585612553946,594.20017011905,356
428.12124529063,570.256952348155,357
447.862051192092,528.912166485951,357
456.176012720587,437.176364803288,357
282.982976565619,196.091789587904,358
259.784516386264,230.154187460559,358
871.411617346536,170.217333327115,359
852.192521583069,200.188600681708,359
845.431014377933,210.397000993736,359
869.333990902049,107.666812586987,360
846.99682165858,125.755161536811,360
799.203217550002,170.644262252834,360
660.392121059452,213.122491633705,361
685.379188986184,233.69610891294,361
687.918518573655,235.249061909395,361
690.392387122006,235.672403517017,361
692.800794631235,234.966133735805,361
695.143741101345,233.130252565761,361
711.930424839721,215.686181530316,361
718.682162800934,204.834793694146,361
718.682162800934,204.834793694146,362
769.595115663649,146.023312210287,362
769.595115663649,146.023312210287,363
774.27374303699,141.257258639682,363
838.689337701111,84.9188984479432,363
734.795421676828,118.320583364449,364
773.23154235208,84.9142013386821,364
815.755699339176,47.1630884893516,364
817.053774507166,45.095906540801,364
817.371329445172,43.9378884982262,364
817.0259190912,42.5310163190524,364
816.01754344525,40.8752900032797,364
814.346202507321,38.970709550908,364
785.470183240389,9.71717931983537,364
785.470183240389,9.71717931983537,365
696.876799223272,88.6114582011607,365
785.470183240389,9.71717931983537,366
759.474824668459,-19.3151525754818,366
759.474824668459,-19.3151525754818,367
725.34920827648,5.80027506703013,367
658.318653094491,59.7115999823887,367
658.324280132622,-36.2920451510997,368
671.313883166461,-45.9127008649801,368
710.912588428062,-77.3905005127964,368
565.830659429291,-10.8801189227746,369
632.861261256884,-66.0223801260259,369
632.861261256884,-66.0223801260259,370
685.439997743988,-108.240497171702,370
685.439997743988,-108.240497171702,371
710.912588428062,-77.3905005127964,371
710.912588428062,-77.3905005127964,372
759.474824668459,-19.3151525754818,372
476.470097934221,-80.9942997939484,373
563.232048208291,-149.227016508822,373
488.412602973302,-70.086550267896,374
473.34999277598,-53.0834337792262,374
458.800682433608,-33.4421431766525,374
660.392121059452,213.122491633705,375
678.060536135091,189.856981208753,375
686.292583990517,181.667059065535,375
687.547309330864,180.518363162279,375
688.63656548064,179.733507003849,375
689.560352439848,179.312490590245,375
690.318670208485,179.255313921468,375
691.66983655519,179.504800328739,375
718.682162800934,204.834793694146,375
660.392121059452,213.122491633705,376
612.065783858007,278.751640197425,376
623.238634716271,186.51734256426,377
629.524485697704,191.649860143078,377
660.392121059452,213.122491633705,377
390.717398343619,241.320165959068,378
443.721371768471,163.48611454135,378
521.144302309512,88.0255307165185,378
523.740153910529,87.7707061363708,378
525.025795044352,87.8061276789522,378
526.286866844804,88.167216886844,378
527.523369311885,88.8539737600463,378
528.735302445594,89.8663982985591,378
560.632345698606,121.114941625263,378
574.408341505908,130.251799467449,378
576.423450237147,132.023225680028,378
577.541861304702,134.069753387964,378
577.763574708574,136.391382591256,378
577.088590448763,138.988113289904,378
564.262106808027,170.208787283278,378
563.748675207077,171.782773807986,378
324.742001255404,84.914449049569,379
293.040508872439,115.076811904383,379
290.922945656242,116.609060936401,379
288.727107910795,117.250774183522,379
286.452995636098,117.001951645747,379
284.10060883215,115.862593323075,379
233.810149596938,82.5400852531152,379
305.515938085769,63.2102779962501,380
290.444844781759,51.3161109427461,380
275.373786409508,36.6951547475433,380
288.88781864009,-42.7699392960466,381
319.022495694001,-87.7282214353732,381
327.85644881584,-94.9662041577242,381
400.608810314267,-91.1507460371705,382
333.582776393856,-156.474421217725,382
184.452458848929,-41.1205359146715,383
201.074098006737,-59.2989788620116,383
231.469748681531,-92.3748101066672,383
-71.7134821366615,244.494877550591,384
-41.5810014982698,204.313070486494,384
-31.9085450618391,185.945503762453,384
-30.9060212317212,184.457446401352,384
-29.6552599863847,183.329379226759,384
-28.1562613258297,182.561302238672,384
-26.409025250056,182.153215437092,384
-4.68753835185769,179.505673080079,384
8.30123937106187,180.536542397184,384
8.30123937106187,180.536542397184,385
28.5641404125263,172.267468687359,385
33.2424389899534,168.653904015034,385
94.55475833764,100.184720915868,385
94.55475833764,100.184720915868,386
108.066817171143,84.9213588896258,386
120.542509507618,69.9240324771253,386
142.607449460905,48.874650702465,386
8.30123937106187,180.536542397184,387
21.2899853117254,197.074773714521,387
31.6829071291306,204.834014131402,387
52.9820409907666,223.955019674396,387
52.9820409907666,223.955019674396,388
81.6907210783392,249.283490659747,388
52.9820409907666,223.955019674396,389
92.7599452267251,185.814213678638,389
94.3082411177488,184.439981593405,389
95.5995816574831,183.532813985259,389
96.633966845928,183.092710854198,389
97.4113966830835,183.119672200223,389
98.7093010061051,183.640659369359,389
108.579104396637,195.523435198725,389
117.858048962786,207.417298270846,389
147.519442680224,-41.7196496055165,390
116.388657600703,-68.6001468097856,390
111.054001552738,-70.2776979996836,390
108.876440703536,-70.6759887286595,390
106.879212608685,-70.4446289438272,390
105.062317268185,-69.5836186451869,390
103.425754682037,-68.0929578327384,390
94.565774015157,-57.748537964166,390
64.9552303814413,-31.3895921305036,390
12.5922783256922,10.9977029958731,390
220.82909808582,-316.195026142723,391
174.585903543881,-270.194805324797,391
170.159142105605,-261.449134028415,391
113.784614541894,-218.541408376363,392
71.7073992379004,-184.390139928549,392
60.0742518620153,-181.286523430677,392
961.799755203044,-387.640511733679,393
925.424804908918,-356.107922016721,393
923.865112240951,-353.780287700445,393
923.359662766162,-352.509409186436,393
923.40300700976,-351.024407960685,393
923.995144971746,-349.325284023192,393
925.13607665212,-347.412037373958,393
946.208455755923,-317.332310300102,393
1001.79220149118,-249.589580739864,393
1023.4963857712,-221.383529479294,393
1024.8751886534,-218.967709220447,393
1025.25362257127,-216.603990051881,393
1024.63168752478,-214.292371973597,393
1023.00938351395,-212.032854985594,393
973.209955212432,-159.629578194424,393
963.852447826482,-151.882258857515,393
928.523854725536,-114.142208784817,393
909.808962507477,-98.403623680957,393
961.799755203044,-387.640511733679,394
991.935997614356,-409.352593052561,394
1025.19185498139,-436.240809589317,394
1025.19185498139,-436.240809589317,395
1039.22829198165,-445.029595188384,395
1049.2447164125,-452.06737506443,395
1061.70141774836,-451.500890726819,395
961.799755203044,-387.640511733679,396
1014.26475284065,-319.88690812668,396
1044.5696101161,-280.744455284534,396
961.799755203044,-387.640511733679,397
939.619963959371,-411.75136170371,397
1077.66668251464,-371.6016819804,398
1025.19185498139,-436.240809589317,398
1025.19185498139,-436.240809589317,399
1004.15448961603,-453.479238822714,399
993.828908973182,-455.286944418541,399
979.540647495406,-446.498124175074,399
939.619963959371,-411.75136170371,399
939.619963959371,-411.75136170371,400
854.819603429033,-337.945880744565,400
795.845617290648,-287.537515075392,400
786.827372109408,-283.159738639153,400
768.57820812461,-280.301178786567,400
558.072347896918,-600.17038016293,401
550.797435817934,-593.974457868189,401
534.940103464529,-584.763936453619,401
506.752001819898,-579.355967371153,401
558.072347896918,-600.17038016293,402
600.162450134546,-637.401320216112,402
613.675955312096,-650.32521192951,402
681.224574831216,-714.955508930937,402
717.600068634503,-747.530824706754,402
761.858364210613,-788.808505199137,402
764.625974784856,-790.733104309656,402
767.297473269193,-791.254815650672,402
769.872859663623,-790.373639222185,402
772.352133968147,-788.089575024195,402
816.335515873423,-734.078487509692,402
558.072347896918,-600.17038016293,403
565.346591926922,-592.931784280853,403
649.008390971981,-575.868089707187,403
649.008390971981,-575.868089707187,404
730.593350998042,-651.349081783193,404
816.335515873423,-734.078487509692,404
816.335515873423,-734.078487509692,405
858.944206829118,-694.780472831554,405
869.32728890207,-681.855052924065,405
869.327048739671,-678.751370307817,405
855.299548578706,-662.203167783052,405
797.621546800396,-607.394155967157,405
743.321253268107,-555.835979307543,405
741.828862999903,-554.705955749832,405
740.215417097153,-554.034994399875,405
738.480915559859,-553.82309525767,405
736.62535838802,-554.07025832322,405
649.008390971981,-575.868089707187,405
584.094432446297,-676.685922947668,406
564.352200915697,-659.106786726327,406
496.591622314672,-597.579474331924,406
491.047235450535,-735.128284078071,407
426.13447829297,-673.877542745865,407
387.692711078169,-802.859107376258,408
323.778002473053,-746.739906222081,408
491.047235450535,-735.128284078071,409
516.551000018551,-707.714973375166,409
539.789165425059,-674.798463724071,409
541.130759311448,-672.191778149842,409
541.379476843203,-669.720459123049,409
540.535318020323,-667.38450664369,409
538.598282842809,-665.183920711767,409
482.159468927288,-616.712091532593,409
491.047235450535,-735.128284078071,410
456.796674254487,-772.87272302106,410
456.796674254487,-772.87272302106,411
431.341227911216,-804.930332296418,411
428.696985057406,-811.137797689789,411
387.692711078169,-802.859107376258,412
408.471250941545,-816.303965113811,412
412.359778420815,-817.495908560564,412
413.78208440598,-817.792252264051,412
415.176102663132,-817.800658514105,412
416.541833192272,-817.521127310726,412
417.879275993399,-816.953658653914,412
428.696985057406,-811.137797689789,412
387.692711078169,-802.859107376258,413
383.014299349113,-811.139448298276,413
367.952004543074,-829.229984196616,413
314.392282044011,-884.870106608917,413
312.090142070008,-886.675759593934,413
309.71383402057,-887.386645265359,413
307.263357895696,-887.002763623192,413
304.738713695386,-885.524114667434,413
280.500863692463,-866.354761011899,413
456.796674254487,-772.87272302106,414
492.13511015926,-802.855016976429,414
527.987157563309,-833.35814958053,414
539.931483857349,-844.741443795258,414
549.289285541609,-852.489110278455,414
577.353082928924,-875.765316684043,414
600.563630179768,-893.998229995488,414
600.563630179768,-893.998229995488,415
645.95815837911,-936.595618254816,415
647.959691507696,-939.095521542181,415
648.674642792786,-941.631523159313,415
648.10301223438,-944.20362310621,415
646.244799832479,-946.811821382875,415
622.189018353124,-972.06720840048,415
619.753433556269,-973.990712180527,415
617.270561057907,-974.6967859251,415
614.740400858036,-974.185429634201,415
612.162952956657,-972.456643307829,415
566.574484535868,-931.48803613661,415
566.574484535868,-931.48803613661,416
507.16292749916,-884.558775294262,416
428.696985057406,-811.137797689789,416
491.047235450535,-735.128284078071,417
633.13818426814,-854.83462757413,417
633.13818426814,-854.83462757413,418
600.563630179768,-893.998229995488,418
600.563630179768,-893.998229995488,419
566.574484535868,-931.48803613661,419
633.13818426814,-854.83462757413,420
688.511203264586,-909.888467545018,420
720.218250482512,-941.943076185284,420
722.814760280222,-948.660162927348,420
748.273833133253,-978.653359797778,420
770.100732337266,-1012.78129409504,420
787.257640354501,-1032.4219726897,420
787.257640354501,-1032.4219726897,421
896.914333742967,-1161.1610844195,421
916.657672661802,-1175.12605305935,421
1007.0775515626,-1184.93924231661,421
1011.75626489535,-1183.38698163982,421
1106.33072496433,-1179.76449429126,421
1123.99956328026,-1176.13808474615,421
1166.08822428497,-1160.62647622248,421
787.257640354501,-1032.4219726897,422
843.369552392196,-972.439259678586,422
851.690036402808,-965.200403479917,422
920.78969058129,-885.563349815953,422
938.978189923954,-845.757124465521,422
957.680749306146,-815.239700726516,422
1034.57465021317,-715.449496480627,422
1142.64504006041,-583.887211472632,422
-482.352538527888,732.504501070703,423
-469.334640317164,748.58766026597,423
-469.334640317164,748.58766026597,424
-418.658297717854,811.191493582106,424
-418.696970271585,813.037081475043,424
-418.849063841818,813.973633124705,424
-419.266671998786,814.937700180753,424
-419.94979474249,815.929282643189,424
-420.898432072928,816.94838051201,424
-425.757261463473,821.589118406407,424
-436.778724303686,833.150783105826,424
-438.241120736104,835.40101461002,424
-439.122382937315,838.01701549599,424
-438.279586855181,842.450824061299,424
-433.165046960249,860.385514712379,424
-433.445580557705,869.197785777731,424
-434.006754396372,884.02900794211,424
-430.723018046762,895.124570575787,424
-469.334640317164,748.58766026597,425
-473.324816369955,753.531560387135,425
-478.864426389312,763.751798724428,425
-484.190778815829,777.895980117427,425
